,accuracy,precision,recall,f1,mcc,n,cluster_label
ESCOTT,0.7041110958339062,0.6992115878254492,0.7060729494538048,0.7026255181943805,0.4082406606979928,43638,msa_based
S3F_MSA,0.7000091663229295,0.6951001512581931,0.7019533419737086,0.6985099375878031,0.4000368528197619,43638,msa_based
RSALOR,0.6947843622530822,0.6899271010040805,0.6965376782077393,0.6932166301969366,0.3895840520106505,43638,msa_based
GEMME,0.6946926990237866,0.6897831965898152,0.6965839659322348,0.6931669008083646,0.3894034019244914,43638,msa_based
PoET,0.6943718777212521,0.6894623458770683,0.6962599518607665,0.6928444761751227,0.3887617281635699,43638,newer_plm
S2F_MSA,0.6929510976671708,0.6880414355777604,0.6948250324014071,0.6914165956564796,0.385920030079489,43638,msa_based
VenusREM,0.6912094963105551,0.6862996745657056,0.6930660988705796,0.6896662905045946,0.3824366582344866,43638,inverse_folding_mixed
TranceptEVE_S,0.6896512214125303,0.6847412568180776,0.6914923162377338,0.6881002280002764,0.37931995711001076,43638,msa_based
Tranception_S,0.688230441358449,0.6833203465187697,0.6900573967783744,0.6866723474816333,0.37647825902592985,43638,autoregressive_plm
ESM1v_ensemble,0.6878637884412668,0.6829536599899161,0.6896870949824107,0.6863038621864996,0.3757449175848767,43638,autoregressive_plm
SiteRM,0.6874513039094368,0.6825411376449557,0.6892705054619515,0.6858893162294742,0.37491990846369194,43638,msa_based
ESMC-300M,0.6862138503139465,0.6820378296286069,0.6859840770227735,0.6840052615789353,0.37240830360361044,43638,newer_plm
ESMC-600M,0.6851597231770475,0.6808628064204572,0.6852434734308461,0.6830461162248829,0.370305348145482,43638,newer_plm
Tranception_L,0.6842430908840919,0.6793326305174864,0.686030364747269,0.6826650698970544,0.368503170854477,43638,autoregressive_plm
TranceptEVE_L,0.6813098675466337,0.6763991382866572,0.6830679503795594,0.6797171875359849,0.3626364393260519,43638,msa_based
CARP_640M,0.6801182455657913,0.6752074070678828,0.6818644695426773,0.6785196103268004,0.36025307964262915,43638,newer_plm
TranceptEVE_M,0.67869746551171,0.6737864967685749,0.680429550083318,0.6770917298081573,0.35741138155854824,43638,msa_based
MSA_Transformer_ensemble,0.6785599706677666,0.6736489893202549,0.6802906869098315,0.6769535478224822,0.35713637851815333,43638,autoregressive_plm
S3F,0.6780099912919932,0.6730989595269744,0.679735234215886,0.6764008198797816,0.3560363663565736,43638,structure_aware
Tranception_S_no_retrieval,0.6772308538429809,0.6723197506531604,0.678948342899463,0.6756177886276226,0.3544780157943357,43638,autoregressive_plm
xTrimoPGLM-1B-MLM,0.6769558641550942,0.6720447357565201,0.6786706165524903,0.6753414246562723,0.3539280097135458,43638,autoregressive_plm
ProSST-2048,0.6766350428525597,0.6717238850437732,0.6783466024810221,0.6750190000230303,0.3532863359526243,43638,inverse_folding_mixed
VespaG,0.6756267473303085,0.6707154970894257,0.6773282725421218,0.6740056654614127,0.35126964698972823,43638,autoregressive_plm
xTrimoPGLM-3B-MLM,0.6755809157156607,0.670669661273319,0.6772819848176264,0.673959604799521,0.35117797930959654,43638,autoregressive_plm
Progen3_339m,0.675489252486365,0.6705779896411056,0.6771894093686355,0.6738674834757375,0.3509946439493333,43638,newer_plm
xTrimoPGLM-10B-MLM,0.6750767679545351,0.6701654672961452,0.6767728198481763,0.6734529375187122,0.3501696348281485,43638,autoregressive_plm
DeepSequence_ensemble,0.6738393143590449,0.6689279002612641,0.6755230512867988,0.672209299647636,0.3476946074645942,43638,msa_based
Progen2_small,0.6737934827443971,0.6688820644451574,0.6754767635623032,0.6721632389857443,0.3476029397844625,43638,autoregressive_plm
Progen3_219m,0.6736559879004538,0.6687445569968373,0.6753379003888169,0.6720250570000691,0.3473279367440676,43638,newer_plm
DeepSequence_single,0.6735872404784821,0.6686835350201686,0.6752453249398259,0.6719484108705666,0.347189985409721,43638,msa_based
MIFST,0.672968513680737,0.6680570197552368,0.674643584521385,0.6713341470716934,0.34595292154209295,43638,newer_plm
Progen3_762m,0.672968513680737,0.6680570197552368,0.674643584521385,0.6713341470716934,0.34595292154209295,43638,newer_plm
Tranception_M,0.6711810807094734,0.6662694229270752,0.6728383632660618,0.6695377812579166,0.3423778820169589,43638,autoregressive_plm
ESM1v_single,0.6688894999770842,0.6639776321217399,0.6705239770412886,0.6672347481633311,0.3377944980103768,43638,autoregressive_plm
VESPA,0.6683395206013107,0.6634276023284594,0.6699685243473431,0.6666820202206306,0.3366944858487971,43638,autoregressive_plm
Progen3_3b,0.6682478573720152,0.6633359306962461,0.6698759488983521,0.6665898988968472,0.3365111504885338,43638,newer_plm
Progen3_1b,0.6670104037765251,0.662098363661365,0.6686261803369746,0.665346261025771,0.33403612312497943,43638,newer_plm
S2F,0.6669187405472294,0.6620066920291516,0.6685336048879837,0.6652541397019875,0.33385278776471616,43638,structure_aware
ESM1b,0.6669187405472294,0.6620066920291516,0.6685336048879837,0.6652541397019875,0.33385278776471616,43638,autoregressive_plm
EVE_ensemble,0.6658646134103304,0.6609524682586974,0.667468987224588,0.6641947444784781,0.3317444311216884,43638,msa_based
EVE_single,0.6655208763004721,0.6606160616061606,0.6670986854286244,0.663841547673883,0.3310564736218294,43638,msa_based
EVmutation,0.6654521288785004,0.660539945913737,0.6670523977041288,0.6637801985214528,0.3309194220005036,43638,msa_based
MSA_Transformer_single,0.6649479811173747,0.6600357519365633,0.6665432327346787,0.6632735312406439,0.3299110775190556,43638,autoregressive_plm
RITA_l,0.6627022319996333,0.6577897969473346,0.664275134234401,0.6610165588079501,0.32541936119260506,43638,autoregressive_plm
Progen2_large,0.6626105687703377,0.6576981253151213,0.6641825587854101,0.6609244374841666,0.3252360258323418,43638,autoregressive_plm
Progen2_medium,0.6623814106970989,0.6574689462345877,0.6639511201629328,0.6606941341747081,0.32477768743168356,43638,autoregressive_plm
RITA_s,0.6622439158531555,0.6573314387862675,0.6638122569894463,0.660555952189033,0.32450268439128865,43638,autoregressive_plm
Progen2_base,0.6614189467894954,0.6565063940963469,0.6629790779485281,0.6597268602749822,0.3228526661489191,43638,autoregressive_plm
RITA_xl,0.6607314725697786,0.6558188568547463,0.6622847620810961,0.6590359503466064,0.32147765094694447,43638,autoregressive_plm
Progen2_xlarge,0.6597231770475274,0.6548104689003987,0.6612664321421959,0.6580226157849889,0.31946096198404833,43638,autoregressive_plm
Tranception_L_no_retrieval,0.6594481873596407,0.6545354540037586,0.6609887057952231,0.6577462518136385,0.31891095590325846,43638,autoregressive_plm
Progen3_112m,0.6591961134790779,0.6542904290429042,0.6607109794482503,0.6574850299401198,0.31840633369723254,43638,newer_plm
ProtSSN_k20_h512,0.659173197671754,0.6542604391071183,0.6607109794482503,0.6574698878422883,0.3183609498224686,43638,structure_aware
ProtSSN_ensemble,0.6589898712131629,0.6540770958426915,0.6605258285502684,0.6572856451947214,0.31799427910194206,43638,structure_aware
ProtSSN_k10_h1280,0.6571566066272515,0.6522436631984232,0.6586743195704499,0.655443218719053,0.31432757189667637,43638,structure_aware
RITA_m,0.6569274485540125,0.6520144841178898,0.6584428809479727,0.6552129154095945,0.31386923349601814,43638,autoregressive_plm
Site_Independent,0.6566753746734497,0.6517693436010268,0.6581651546009998,0.6549516351911562,0.3133646112635164,43638,msa_based
CARP_76M,0.6566524588661259,0.6517394692212495,0.6581651546009998,0.6549365514382441,0.3133192274152283,43638,newer_plm
SaProt_650M_AF2,0.6565149640221825,0.6516019617729294,0.6580262914275135,0.6547983694525691,0.31304422437483337,43638,inverse_folding_mixed
ProtSSN_k30_h512,0.6561024794903525,0.651189439427969,0.6576097019070543,0.6543838234955436,0.3122192152536486,43638,structure_aware
ProtSSN_k10_h512,0.6550025207388056,0.650089379841408,0.6564987965191631,0.6532783676101426,0.3100191909304892,43638,structure_aware
ESM2_3B,0.653856730372611,0.6489434844387404,0.6553416034067765,0.6521268510628497,0.3077274989271981,43638,autoregressive_plm
ProtSSN_k10_h768,0.6538108987579633,0.6488976486226338,0.655295315682281,0.652080790400958,0.30763583124706645,43638,structure_aware
ProtSSN_k20_h768,0.6534900774554288,0.6485767979098868,0.6549713016108129,0.6517583657677161,0.30699415748614495,43638,structure_aware
xTrimoPGLM-1B-CLM,0.6525734451624731,0.6476600815877527,0.6540455471209036,0.6508371525298818,0.30516080388351213,43638,autoregressive_plm
ESM3,0.6525276135478253,0.6476819369927088,0.6537678207739308,0.6507106493745825,0.30506466468572935,43638,inverse_folding_mixed
ProtSSN_k20_h1280,0.6518401393281086,0.6469267085300454,0.6533049435289762,0.6501001819396145,0.30369412100140586,43638,structure_aware
CARP_38M,0.6510610018790962,0.6461474996562314,0.6525180522125532,0.6493171506874553,0.30213577043916795,43638,newer_plm
Wavenet,0.6507860121912095,0.6458724847595911,0.6522403258655805,0.6490407867161051,0.3015857643583781,43638,autoregressive_plm
Tranception_M_no_retrieval,0.6486319263027637,0.643718201402576,0.6500648028142937,0.6468759356071947,0.2972773833921909,43638,autoregressive_plm
ProSST-512,0.6481736101562858,0.6432598432415089,0.649601925569339,0.6464153289882776,0.2963607065908745,43638,inverse_folding_mixed
ProtGPT2,0.647692378202484,0.6427851118445178,0.649092760599889,0.645923537540304,0.2953977458633643,43638,newer_plm
ProSST-4096,0.6450570603602365,0.6401430077462529,0.6464543603036474,0.6432832039796412,0.2901273043419228,43638,inverse_folding_mixed
ProSST-128,0.6434529538475641,0.6385387541825183,0.6448342899463062,0.6416710808134313,0.2869189355373153,43638,inverse_folding_mixed
VESPAl,0.6434300380402401,0.6385602934433746,0.6446491390483244,0.6415902704196803,0.28686996343507887,43638,autoregressive_plm
ProtSSN_k30_h768,0.6424904899399606,0.6375762020442775,0.6438622477319015,0.6407038069137053,0.28499391425455084,43638,structure_aware
ProtSSN_k30_h1280,0.6423071634813694,0.6373928587798505,0.6436770968339196,0.6405195642661385,0.28462724353402424,43638,structure_aware
xTrimoPGLM-100B-int4,0.6421238370227783,0.6372095155154237,0.6434919459359378,0.6403353216185717,0.2842605728134977,43638,autoregressive_plm
ESM2_650M,0.6417113524909482,0.6367969931704635,0.6430753564154786,0.6399207756615463,0.2834355636923129,43638,structure_aware
ProSST-1024,0.6396030982171502,0.6346885456295549,0.6409461210886873,0.6378019852145276,0.2792188504062573,43638,inverse_folding_mixed
MIF,0.6380906549337734,0.6331759636980336,0.639418626180337,0.6362819833721011,0.27619381696191314,43638,inverse_folding_mixed
Unirep_evotune,0.636028232274623,0.6311133519732319,0.6373356785780411,0.634209253586974,0.2720687713559892,43638,autoregressive_plm
ESM2_15B,0.6334616618543472,0.6285465462712564,0.6347435660062951,0.6316298565210382,0.26693538126861727,43638,autoregressive_plm
ProSST-20,0.6294284797653421,0.6245129944538662,0.6306702462506943,0.6275765182745676,0.25886862541703276,43638,inverse_folding_mixed
MULAN_small,0.6292909849213988,0.6243754870055461,0.6305313830772079,0.6274383362888925,0.2585936223766378,43638,inverse_folding_mixed
SaProt_35M_AF2,0.6265410880425317,0.6216253380391438,0.6277541196074801,0.6246746965753898,0.2530935615687393,43638,inverse_folding_mixed
xTrimoPGLM-3B-CLM,0.6259452770521106,0.6210294724297566,0.6271523791890391,0.6240759079707976,0.25190188172702793,43638,autoregressive_plm
ESM2_150M,0.6160456482881892,0.6111289361507082,0.6171542306980189,0.6141268050021879,0.2321016628185932,43638,inverse_folding_mixed
ESM2_35M,0.6064668408268024,0.6015492505844067,0.607480096278467,0.6045001266668202,0.21294311767107996,43638,inverse_folding_mixed
ESM2_8M,0.6033044594161052,0.598386579273044,0.60428624328828,0.6013219409962921,0.20661804774199663,43638,inverse_folding_mixed
Unirep,0.584880150327696,0.5799679119871648,0.585632290316608,0.582786337778392,0.1697667391939591,43638,inverse_folding_mixed
ESM-IF1,0.5676474632201293,0.5627263143420269,0.5682743936308091,0.5654867460445406,0.1353005925995789,43638,inverse_folding_mixed
CARP_600K,0.5674641367615381,0.5625429710776,0.5680892427328272,0.5653025033969739,0.13493392187905234,43638,inverse_folding_mixed
ProteinMPNN,0.5507814290297447,0.5458587340147592,0.5512405110164784,0.5485364224683908,0.10156688631113453,43638,inverse_folding_mixed
xTrimoPGLM-7B-CLM,0.5453732985013062,0.5404501077141679,0.5457785595260137,0.5431012643651689,0.09075010005560073,43638,inverse_folding_mixed
