,model,dms_id,accuracy,precision,recall,f1,mcc,n
0,Site_Independent,A0A192B1T2_9HIV1_Haddox_2018,0.6785401924147253,0.6234096692111959,0.7006255585344057,0.6597660523436842,0.359262947343596,12577
1,EVmutation,A0A192B1T2_9HIV1_Haddox_2018,0.6651824759481594,0.6100508905852418,0.6856121537086685,0.645628208364891,0.3323835631120264,12577
2,DeepSequence_single,A0A192B1T2_9HIV1_Haddox_2018,0.6577085155442475,0.6025763358778626,0.6772117962466488,0.6377177480434234,0.3173439076491243,12577
3,DeepSequence_ensemble,A0A192B1T2_9HIV1_Haddox_2018,0.6675677824600461,0.6124363867684478,0.6882931188561215,0.6481528233611041,0.33718345315337805,12577
4,EVE_single,A0A192B1T2_9HIV1_Haddox_2018,0.6925339906177944,0.6374045801526718,0.7163538873994638,0.6745771269881343,0.3874223022528594,12577
5,EVE_ensemble,A0A192B1T2_9HIV1_Haddox_2018,0.6992128488510774,0.6440839694656488,0.7238605898123325,0.6816460489775309,0.40086199436864417,12577
6,Unirep,A0A192B1T2_9HIV1_Haddox_2018,0.504094776178739,0.4489341393573019,0.50437890974084,0.4750441881996465,0.008195700601499743,12577
7,Unirep_evotune,A0A192B1T2_9HIV1_Haddox_2018,0.6934881132225491,0.6383587786259542,0.717426273458445,0.6755869729866195,0.38934225826940005,12577
8,MSA_Transformer_single,A0A192B1T2_9HIV1_Haddox_2018,0.7019161962312157,0.6467875318066157,0.7268990169794459,0.6845072793065724,0.4063018697488428,12577
9,MSA_Transformer_ensemble,A0A192B1T2_9HIV1_Haddox_2018,0.703188359704222,0.648059796437659,0.7283288650580876,0.6858537406378861,0.40886181110423037,12577
10,ESM1b,A0A192B1T2_9HIV1_Haddox_2018,0.6769499880734674,0.6218193384223919,0.6988382484361036,0.6580829756795422,0.3560630206493615,12577
11,ESM1v_single,A0A192B1T2_9HIV1_Haddox_2018,0.6944422358273038,0.6393129770992366,0.7184986595174263,0.6765968189851048,0.39126221428594077,12577
12,ESM1v_ensemble,A0A192B1T2_9HIV1_Haddox_2018,0.6993718692852031,0.6442430025445293,0.7240393208221626,0.6818143566439452,0.4011819870380676,12577
13,ESM2_8M,A0A192B1T2_9HIV1_Haddox_2018,0.510773634412022,0.4556297709923664,0.5120643431635389,0.4822014642766978,0.021670681101858515,12577
14,ESM2_35M,A0A192B1T2_9HIV1_Haddox_2018,0.5106146139778962,0.455470737913486,0.5118856121537086,0.4820331566102836,0.02135068843243507,12577
15,ESM2_150M,A0A192B1T2_9HIV1_Haddox_2018,0.5201558400254432,0.46501272264631044,0.522609472743521,0.49213161659513593,0.04055024859784194,12577
16,ESM2_650M,A0A192B1T2_9HIV1_Haddox_2018,0.5376480877792796,0.4825063613231552,0.5422698838248436,0.5106454599006984,0.0757494422344212,12577
17,ESM2_3B,A0A192B1T2_9HIV1_Haddox_2018,0.5433728234078079,0.48823155216284986,0.548704200178731,0.5167045358916099,0.08726917833366532,12577
18,ESM2_15B,A0A192B1T2_9HIV1_Haddox_2018,0.5498926612069651,0.49475190839694655,0.5560321715817694,0.5236051502145923,0.10038887778002668,12577
19,Wavenet,A0A192B1T2_9HIV1_Haddox_2018,0.6785401924147253,0.6234096692111959,0.7006255585344057,0.6597660523436842,0.359262947343596,12577
20,RITA_s,A0A192B1T2_9HIV1_Haddox_2018,0.6918979088812912,0.6367684478371501,0.715638963360143,0.6739038963224775,0.3861423315751656,12577
21,RITA_m,A0A192B1T2_9HIV1_Haddox_2018,0.6974636240756937,0.6423346055979644,0.7218945487042002,0.6797946646469747,0.39734207500498625,12577
22,RITA_l,A0A192B1T2_9HIV1_Haddox_2018,0.6974636240756937,0.6423346055979644,0.7218945487042002,0.6797946646469747,0.39734207500498625,12577
23,RITA_xl,A0A192B1T2_9HIV1_Haddox_2018,0.6957143993003101,0.6405852417302799,0.719928507596068,0.6779432803164184,0.39382215564132833,12577
24,Progen2_small,A0A192B1T2_9HIV1_Haddox_2018,0.695078317563807,0.6399491094147582,0.7192135835567471,0.6772700496507615,0.3925421849636345,12577
25,Progen2_medium,A0A192B1T2_9HIV1_Haddox_2018,0.6931700723542975,0.6380407124681934,0.7170688114387846,0.6752503576537912,0.38870227293055315,12577
26,Progen2_base,A0A192B1T2_9HIV1_Haddox_2018,0.681720601097241,0.6265903307888041,0.7042001787310098,0.6631322056719684,0.3656628007320649,12577
27,Progen2_large,A0A192B1T2_9HIV1_Haddox_2018,0.6911028067106623,0.6359732824427481,0.7147453083109919,0.6730623579904065,0.3845423682280483,12577
28,Progen2_xlarge,A0A192B1T2_9HIV1_Haddox_2018,0.6915798680130397,0.6364503816793893,0.7152815013404826,0.6735672809896491,0.3855023462363187,12577
29,GEMME,A0A192B1T2_9HIV1_Haddox_2018,0.6896716228035302,0.6345419847328244,0.7131367292225201,0.6715475889926786,0.3816624342032373,12577
30,VESPA,A0A192B1T2_9HIV1_Haddox_2018,0.7163870557366622,0.6612595419847328,0.7431635388739947,0.6998232769502651,0.43542120266637657,12577
31,VESPAl,A0A192B1T2_9HIV1_Haddox_2018,0.7074024012085554,0.6522983935104183,0.7329758713136729,0.690287830331594,0.4173239828938714,12577
32,VespaG,A0A192B1T2_9HIV1_Haddox_2018,0.6177943865786754,0.5626590330788804,0.6323503127792672,0.5954725237734578,0.2370257476238389,12577
33,ProtGPT2,A0A192B1T2_9HIV1_Haddox_2018,0.6273356126262225,0.5722010178117048,0.6430741733690796,0.6055709837583102,0.2562253077892458,12577
34,Tranception_S_no_retrieval,A0A192B1T2_9HIV1_Haddox_2018,0.6912618271447881,0.6361323155216285,0.7149240393208222,0.6732306656568207,0.3848623608974718,12577
35,Tranception_M_no_retrieval,A0A192B1T2_9HIV1_Haddox_2018,0.6907847658424108,0.6356552162849872,0.7143878462913316,0.672725742657578,0.3839023828892015,12577
36,Tranception_L_no_retrieval,A0A192B1T2_9HIV1_Haddox_2018,0.6990538284169516,0.6439249363867684,0.7236818588025022,0.6814777413111167,0.4005420016992207,12577
37,Tranception_S,A0A192B1T2_9HIV1_Haddox_2018,0.6953963584320585,0.6402671755725191,0.7195710455764075,0.67760666498359,0.3931821703024814,12577
38,Tranception_M,A0A192B1T2_9HIV1_Haddox_2018,0.6985767671145742,0.6434478371501272,0.7231456657730116,0.6809728183118741,0.3995820236909504,12577
39,Tranception_L,A0A192B1T2_9HIV1_Haddox_2018,0.6979406853780711,0.6428117048346056,0.7224307417336908,0.6802995876462172,0.3983020530132566,12577
40,TranceptEVE_S,A0A192B1T2_9HIV1_Haddox_2018,0.6998489305875805,0.6447201017811705,0.7245755138516533,0.6823192796431877,0.402141965046338,12577
41,TranceptEVE_M,A0A192B1T2_9HIV1_Haddox_2018,0.7030293392700963,0.6479007633587787,0.7281501340482573,0.6856854329714719,0.4085418184348069,12577
42,TranceptEVE_L,A0A192B1T2_9HIV1_Haddox_2018,0.7043015027431024,0.6491730279898219,0.729579982126899,0.6870318943027854,0.41110175979019453,12577
43,CARP_38M,A0A192B1T2_9HIV1_Haddox_2018,0.6637512920410272,0.6086195928753181,0.6840035746201966,0.6441134393671631,0.3295036290872153,12577
44,CARP_600K,A0A192B1T2_9HIV1_Haddox_2018,0.4990061222867138,0.44386132315521626,0.49883824843610364,0.46974669696204663,-0.002008776435476622,12577
45,CARP_640M,A0A192B1T2_9HIV1_Haddox_2018,0.6877633775940208,0.6326335877862596,0.7109919571045576,0.6695278969957081,0.37782252217015594,12577
46,CARP_76M,A0A192B1T2_9HIV1_Haddox_2018,0.664705414645782,0.6095737913486005,0.6850759606791779,0.6451232853656484,0.331423585103756,12577
47,MIF,A0A192B1T2_9HIV1_Haddox_2018,0.6411703903951658,0.5860368956743003,0.6586237712243074,0.620213750736346,0.28406467002908575,12577
48,MIFST,A0A192B1T2_9HIV1_Haddox_2018,0.6783811719805996,0.6232506361323156,0.7004468275245755,0.6595977446772701,0.35894295467417253,12577
49,ESM-IF1,A0A192B1T2_9HIV1_Haddox_2018,0.5931462192891787,0.5380089058524173,0.6046470062555853,0.5693848354792561,0.1874268838632045,12577
50,ProteinMPNN,A0A192B1T2_9HIV1_Haddox_2018,0.5508467838117198,0.49570610687022904,0.5571045576407506,0.5246149962130775,0.10230883379656737,12577
51,ProtSSN_k10_h512,A0A192B1T2_9HIV1_Haddox_2018,0.5831279319392542,0.5279898218829516,0.5933869526362824,0.5587814524951612,0.16726734568952728,12577
52,ProtSSN_k10_h768,A0A192B1T2_9HIV1_Haddox_2018,0.594418382762185,0.5392811704834606,0.606076854334227,0.5707312968105697,0.1899868252185921,12577
53,ProtSSN_k10_h1280,A0A192B1T2_9HIV1_Haddox_2018,0.6020513636002226,0.5469147582697201,0.6146559428060768,0.5788100647984515,0.20534647335091757,12577
54,ProtSSN_k20_h512,A0A192B1T2_9HIV1_Haddox_2018,0.6034825475073547,0.5483460559796438,0.6162645218945487,0.5803248337961794,0.2082264073757286,12577
55,ProtSSN_k20_h768,A0A192B1T2_9HIV1_Haddox_2018,0.5836049932416315,0.5284669211195929,0.593923145665773,0.5592863754944037,0.1682273236977976,12577
56,ProtSSN_k20_h1280,A0A192B1T2_9HIV1_Haddox_2018,0.5925101375526756,0.5373727735368957,0.6039320822162645,0.5687116048135993,0.1861469131855107,12577
57,ProtSSN_k30_h512,A0A192B1T2_9HIV1_Haddox_2018,0.5931462192891787,0.5380089058524173,0.6046470062555853,0.5693848354792561,0.1874268838632045,12577
58,ProtSSN_k30_h768,A0A192B1T2_9HIV1_Haddox_2018,0.5807426254273674,0.5256043256997456,0.5907059874888293,0.556256837498948,0.16246745564817555,12577
59,ProtSSN_k30_h1280,A0A192B1T2_9HIV1_Haddox_2018,0.5718374811163235,0.5166984732824428,0.5806970509383378,0.5468316081797526,0.14454786616046247,12577
60,ProtSSN_ensemble,A0A192B1T2_9HIV1_Haddox_2018,0.5977578118788265,0.5426208651399491,0.6098302055406613,0.574265757805268,0.19670667127648447,12577
61,SaProt_650M_AF2,A0A192B1T2_9HIV1_Haddox_2018,0.5591158463862607,0.5039758269720102,0.5663985701519214,0.5333669948666162,0.11894845260658665,12577
62,SaProt_35M_AF2,A0A192B1T2_9HIV1_Haddox_2018,0.531446290848374,0.47630407124681934,0.5352993744414656,0.5040814609105445,0.06326972812690673,12577
63,PoET,A0A192B1T2_9HIV1_Haddox_2018,0.6947602766955554,0.6396310432569975,0.7188561215370867,0.6769334343179332,0.3919021996247877,12577
64,MULAN_small,A0A192B1T2_9HIV1_Haddox_2018,0.5195197582889401,0.4643765903307888,0.5218945487042002,0.4914583859294791,0.039270277920148144,12577
65,ProSST-20,A0A192B1T2_9HIV1_Haddox_2018,0.6294028782698576,0.5742684478371501,0.6453976764968722,0.6077589834216949,0.2603852124917506,12577
66,ProSST-128,A0A192B1T2_9HIV1_Haddox_2018,0.6483263099308261,0.5931933842239185,0.6666666666666666,0.6277875957249853,0.2984643401531409,12577
67,ProSST-512,A0A192B1T2_9HIV1_Haddox_2018,0.6437147173411784,0.5885814249363868,0.6614834673815907,0.6229066733989733,0.2891845527398609,12577
68,ProSST-1024,A0A192B1T2_9HIV1_Haddox_2018,0.6548461477299833,0.5997137404580153,0.673994638069705,0.6346882100479677,0.31158403959950226,12577
69,ProSST-2048,A0A192B1T2_9HIV1_Haddox_2018,0.6814025602289894,0.6262722646310432,0.7038427167113495,0.6627955903391399,0.365022815393218,12577
70,ProSST-4096,A0A192B1T2_9HIV1_Haddox_2018,0.6715432933131907,0.6164122137404581,0.6927613941018766,0.6523605150214592,0.34518326988896425,12577
71,ESCOTT,A0A192B1T2_9HIV1_Haddox_2018,0.6993718692852031,0.6442430025445293,0.7240393208221626,0.6818143566439452,0.4011819870380676,12577
72,VenusREM,A0A192B1T2_9HIV1_Haddox_2018,0.7206806074580584,0.6655534351145038,0.7479892761394102,0.7043675839434487,0.4440610047408097,12577
73,RSALOR,A0A192B1T2_9HIV1_Haddox_2018,0.7058917070843603,0.6507633587786259,0.731367292225201,0.6887149709669276,0.414301686484429,12577
74,S2F,A0A192B1T2_9HIV1_Haddox_2018,0.6190665500516817,0.5639312977099237,0.6337801608579089,0.5968189851047715,0.2395856889792265,12577
75,S2F_MSA,A0A192B1T2_9HIV1_Haddox_2018,0.7033473801383477,0.6482188295165394,0.7285075960679178,0.6860220483043002,0.4091818037736538,12577
76,S3F,A0A192B1T2_9HIV1_Haddox_2018,0.6413294108292915,0.5861959287531806,0.6588025022341376,0.6203820584027603,0.2843846626985092,12577
77,S3F_MSA,A0A192B1T2_9HIV1_Haddox_2018,0.7175001987755426,0.6623727735368957,0.7444146559428061,0.7010014306151645,0.4376611513523407,12577
78,SiteRM,A0A192B1T2_9HIV1_Haddox_2018,0.6996899101534547,0.6445610687022901,0.7243967828418231,0.6821509719767735,0.4018219723769145,12577
79,ESM3,A0A192B1T2_9HIV1_Haddox_2018,0.6078556094458137,0.5527782200286578,0.6205540661304736,0.5847086561131695,0.21690284784085986,12577
80,ESMC-300M,A0A192B1T2_9HIV1_Haddox_2018,0.6868092549892661,0.6323952670291014,0.7068811438784629,0.6675668832812895,0.3753083000004853,12577
81,ESMC-600M,A0A192B1T2_9HIV1_Haddox_2018,0.6756778246004611,0.6209317166560306,0.69562109025916,0.6561578015679002,0.3531520646055439,12577
82,xTrimoPGLM-1B-MLM,A0A192B1T2_9HIV1_Haddox_2018,0.6891945615011529,0.6340648854961832,0.7126005361930295,0.671042665993436,0.38070245619496695,12577
83,xTrimoPGLM-3B-MLM,A0A192B1T2_9HIV1_Haddox_2018,0.7050966049137314,0.649968193384224,0.7304736371760501,0.6878734326348566,0.41270172313731174,12577
84,xTrimoPGLM-10B-MLM,A0A192B1T2_9HIV1_Haddox_2018,0.6766319472052159,0.621501272264631,0.6984807864164433,0.6577463603467137,0.3554230353105146,12577
85,xTrimoPGLM-1B-CLM,A0A192B1T2_9HIV1_Haddox_2018,0.6877633775940208,0.6326335877862596,0.7109919571045576,0.6695278969957081,0.37782252217015594,12577
86,xTrimoPGLM-3B-CLM,A0A192B1T2_9HIV1_Haddox_2018,0.6292438578357319,0.5741094147582697,0.645218945487042,0.6075906757552807,0.26006521982232716,12577
87,xTrimoPGLM-7B-CLM,A0A192B1T2_9HIV1_Haddox_2018,0.5118867774509024,0.45674300254452926,0.5133154602323503,0.48337961794159723,0.02391062978782265,12577
88,xTrimoPGLM-100B-int4,A0A192B1T2_9HIV1_Haddox_2018,0.6290848374016061,0.5739503816793893,0.6450402144772118,0.6074223680888664,0.2597452271529037,12577
89,Progen3_112m,A0A192B1T2_9HIV1_Haddox_2018,0.6538920251252286,0.5987595419847328,0.6729222520107239,0.6336783640494824,0.30966408358296155,12577
90,Progen3_219m,A0A192B1T2_9HIV1_Haddox_2018,0.6911028067106623,0.6359732824427481,0.7147453083109919,0.6730623579904065,0.3845423682280483,12577
91,Progen3_339m,A0A192B1T2_9HIV1_Haddox_2018,0.6849010097797567,0.6297709923664122,0.707774798927614,0.6664983590002524,0.3720626541205339,12577
92,Progen3_762m,A0A192B1T2_9HIV1_Haddox_2018,0.6850600302138825,0.6299300254452926,0.7079535299374441,0.6666666666666666,0.37238264678995736,12577
93,Progen3_1b,A0A192B1T2_9HIV1_Haddox_2018,0.6922159497495428,0.6370865139949109,0.7159964253798033,0.6742405116553059,0.3867823169140125,12577
94,Progen3_3b,A0A192B1T2_9HIV1_Haddox_2018,0.6930110519201718,0.637881679389313,0.7168900804289544,0.675082049987377,0.38838228026112975,12577
95,Site_Independent,A4_HUMAN_Seuma_2022,0.681182904597934,0.7135332252836305,0.6700913242009132,0.6911302982731554,0.36313774488276007,14811
96,EVmutation,A4_HUMAN_Seuma_2022,0.6612652758085207,0.6935854152599595,0.6514459665144596,0.6718555824448951,0.32321032003666234,14811
97,DeepSequence_single,A4_HUMAN_Seuma_2022,0.6744311660252515,0.7067801188546732,0.6637493658041603,0.684589220303506,0.34960599046714524,14811
98,DeepSequence_ensemble,A4_HUMAN_Seuma_2022,0.6614003105799744,0.6937204591492235,0.6515728056823947,0.6719863954477076,0.32348095512003977,14811
99,EVE_single,A4_HUMAN_Seuma_2022,0.6225102964013234,0.6548278190411884,0.6150431253170979,0.6343122506377133,0.24553805110733973,14811
100,EVE_ensemble,A4_HUMAN_Seuma_2022,0.6214300182296941,0.6537474679270763,0.6140284119736175,0.6332657466152135,0.24337297044032027,14811
101,Unirep,A4_HUMAN_Seuma_2022,0.6457362770913511,0.6780553679945982,0.6368594622019279,0.6568120871214599,0.2920872854482578,14811
102,Unirep_evotune,A4_HUMAN_Seuma_2022,0.554857875903045,0.5871708305199189,0.5514967021816337,0.5687749362286612,0.10994987433524697,14811
103,MSA_Transformer_single,A4_HUMAN_Seuma_2022,0.6227803659442306,0.6550979068197164,0.615296803652968,0.6345738766433383,0.2460793212740946,14811
104,MSA_Transformer_ensemble,A4_HUMAN_Seuma_2022,0.6248058875160354,0.6571235651586765,0.617199391171994,0.6365360716855255,0.25013884752475607,14811
105,ESM1b,A4_HUMAN_Seuma_2022,0.6167038012288164,0.6490209318028359,0.6095890410958904,0.6286872915167767,0.2339007425221102,14811
106,ESM1v_single,A4_HUMAN_Seuma_2022,0.6088717844845047,0.6411883862255233,0.602232369355657,0.621100137353653,0.21820390768621922,14811
107,ESM1v_ensemble,A4_HUMAN_Seuma_2022,0.6470866248058875,0.6794058068872384,0.6381278538812786,0.6581202171495847,0.2947936362820321,14811
108,ESM2_8M,A4_HUMAN_Seuma_2022,0.6686921882384714,0.70101282916948,0.6584221207508879,0.6790502975995814,0.33809524962242105,14811
109,ESM2_35M,A4_HUMAN_Seuma_2022,0.6532982242927554,0.6856178257933828,0.6439624556062912,0.6641376152789588,0.30724285011739394,14811
110,ESM2_150M,A4_HUMAN_Seuma_2022,0.6523529808925799,0.6846725185685347,0.6430745814307458,0.6632219242592714,0.3053484045337519,14811
111,ESM2_650M,A4_HUMAN_Seuma_2022,0.6790898656404024,0.7114112086428089,0.6681887366818874,0.6891228988161423,0.35893415104248316,14811
112,ESM2_3B,A4_HUMAN_Seuma_2022,0.6848963608129093,0.7172180958811614,0.6736428209030949,0.6947478579370789,0.3705714596277127,14811
113,ESM2_15B,A4_HUMAN_Seuma_2022,0.6341232867463372,0.6664415935178933,0.625951293759513,0.6455621688795866,0.26881266827779876,14811
114,Wavenet,A4_HUMAN_Seuma_2022,0.5919924380527986,0.6243079000675219,0.5863774733637748,0.604748512002093,0.1843745222640404,14811
115,RITA_s,A4_HUMAN_Seuma_2022,0.6084666801701438,0.6407832545577312,0.6018518518518519,0.6207076983452156,0.21739200243608695,14811
116,RITA_m,A4_HUMAN_Seuma_2022,0.5852406994801161,0.6175557056043214,0.5800355149670218,0.598207861861469,0.17084276809516888,14811
117,RITA_l,A4_HUMAN_Seuma_2022,0.6017149415974613,0.6340310600945307,0.595509893455099,0.6141670482045916,0.2038602482672154,14811
118,RITA_xl,A4_HUMAN_Seuma_2022,0.5987441766254811,0.6310600945307225,0.5927194317605277,0.611289162142717,0.19790627643291195,14811
119,Progen2_small,A4_HUMAN_Seuma_2022,0.6397947471473905,0.6721134368669818,0.6312785388127854,0.6510563149977108,0.28017934177965087,14811
120,Progen2_medium,A4_HUMAN_Seuma_2022,0.5959084464249544,0.6282241728561783,0.5900558092338914,0.6085420890836549,0.1922229396819859,14811
121,Progen2_base,A4_HUMAN_Seuma_2022,0.6059010195125245,0.638217420661715,0.5994419076610857,0.6182222512917784,0.21224993585191576,14811
122,Progen2_large,A4_HUMAN_Seuma_2022,0.6010397677401931,0.6333558406482107,0.5948756976154237,0.6135129831905292,0.20250707285032826,14811
123,Progen2_xlarge,A4_HUMAN_Seuma_2022,0.6002295591114712,0.6325455773126266,0.5941146626078133,0.6127281051736543,0.20088326235006368,14811
124,GEMME,A4_HUMAN_Seuma_2022,0.6936736209573965,0.7259959486833221,0.6818873668188736,0.7032507031198901,0.3881627400472457,14811
125,VESPA,A4_HUMAN_Seuma_2022,0.5952332725676862,0.6275489534098582,0.5894216133942162,0.6078880240695925,0.19086976426509875,14811
126,VESPAl,A4_HUMAN_Seuma_2022,0.5636351360475322,0.5959486833220797,0.5597412480974124,0.5772777814114723,0.12754115475477995,14811
127,VespaG,A4_HUMAN_Seuma_2022,0.6858416042130848,0.7181634031060095,0.6745306950786403,0.6956635489567663,0.3724659052113547,14811
128,ProtGPT2,A4_HUMAN_Seuma_2022,0.7056917156167714,0.738014854827819,0.6931760527650939,0.7148930603702008,0.41224926246783705,14811
129,Tranception_S_no_retrieval,A4_HUMAN_Seuma_2022,0.6397947471473905,0.6721134368669818,0.6312785388127854,0.6510563149977108,0.28017934177965087,14811
130,Tranception_M_no_retrieval,A4_HUMAN_Seuma_2022,0.5803794477077847,0.612694125590817,0.5754693049213597,0.5934985937602197,0.16109990509358135,14811
131,Tranception_L_no_retrieval,A4_HUMAN_Seuma_2022,0.6180541489433529,0.650371370695476,0.610857432775241,0.6299954215449015,0.2366070933558845,14811
132,Tranception_S,A4_HUMAN_Seuma_2022,0.6661265275808521,0.6984469952734639,0.6560121765601218,0.6765648505461442,0.33295318303824983,14811
133,Tranception_M,A4_HUMAN_Seuma_2022,0.632637904260347,0.6649561107359891,0.6245560629122273,0.6441232258486493,0.26583568236064703,14811
134,Tranception_L,A4_HUMAN_Seuma_2022,0.6801701438120316,0.712491559756921,0.6692034500253679,0.6901694028386421,0.36109923170950264,14811
135,TranceptEVE_S,A4_HUMAN_Seuma_2022,0.6658564580379448,0.6981769074949359,0.6557584982242517,0.6763032245405193,0.33241191287149496,14811
136,TranceptEVE_M,A4_HUMAN_Seuma_2022,0.6437107555195463,0.6760297096556381,0.6349568746829021,0.6548498920792727,0.2880277591975963,14811
137,TranceptEVE_L,A4_HUMAN_Seuma_2022,0.6546485720072919,0.686968264686023,0.6452308472856418,0.6654457453070836,0.30994920095116824,14811
138,CARP_38M,A4_HUMAN_Seuma_2022,0.6576193369792722,0.6899392302498312,0.648021308980213,0.6683236313689581,0.3159031727854717,14811
139,CARP_600K,A4_HUMAN_Seuma_2022,0.6551887110931065,0.687508440243079,0.645738203957382,0.6659689973183335,0.311031741284678,14811
140,CARP_640M,A4_HUMAN_Seuma_2022,0.6662615623523057,0.6985820391627279,0.6561390157280568,0.6766956635489567,0.33322381812162727,14811
141,CARP_76M,A4_HUMAN_Seuma_2022,0.6515427722638579,0.6838622552329507,0.6423135464231354,0.6624370462423965,0.30372459403348734,14811
142,MIF,A4_HUMAN_Seuma_2022,0.6156235230571873,0.6479405806887238,0.6085743277524099,0.627640787494277,0.23173566185509076,14811
143,MIFST,A4_HUMAN_Seuma_2022,0.6573492674363649,0.6896691424713032,0.647767630644343,0.6680620053633332,0.3153619026187168,14811
144,ESM-IF1,A4_HUMAN_Seuma_2022,0.43494699885220445,0.46725185685347737,0.43886352105530185,0.4526129897311793,-0.13037407970391146,14811
145,ProteinMPNN,A4_HUMAN_Seuma_2022,0.520964148268179,0.5532748143146523,0.5196600710299341,0.5359408725227287,0.04202046840751187,14811
146,ProtSSN_k10_h512,A4_HUMAN_Seuma_2022,0.6781446222402269,0.7104659014179608,0.6673008625063419,0.688207207796455,0.3570397054588412,14811
147,ProtSSN_k10_h768,A4_HUMAN_Seuma_2022,0.6685571534670177,0.700877785280216,0.6582952815829528,0.6789194845967689,0.3378246145390436,14811
148,ProtSSN_k10_h1280,A4_HUMAN_Seuma_2022,0.6681520491526568,0.7004726536124241,0.6579147640791476,0.6785270455883314,0.3370127092889113,14811
149,ProtSSN_k20_h512,A4_HUMAN_Seuma_2022,0.6703126054959152,0.7026333558406482,0.6599441907661086,0.6806200536333311,0.3413428706229502,14811
150,ProtSSN_k20_h768,A4_HUMAN_Seuma_2022,0.671933022753359,0.7042538825118163,0.6614662607813293,0.6821898096670809,0.3445904916234794,14811
151,ProtSSN_k20_h1280,A4_HUMAN_Seuma_2022,0.6574843022078185,0.6898041863605672,0.647894469812278,0.6681928183661456,0.31563253770209426,14811
152,ProtSSN_k30_h512,A4_HUMAN_Seuma_2022,0.6776044831544122,0.7099257258609047,0.6667935058346017,0.687683955785205,0.35595716512533143,14811
153,ProtSSN_k30_h768,A4_HUMAN_Seuma_2022,0.6404699210046587,0.6727886563133019,0.6319127346524607,0.6517103800117732,0.281532517196538,14811
154,ProtSSN_k30_h1280,A4_HUMAN_Seuma_2022,0.6446559989197218,0.6769750168804861,0.6358447488584474,0.65576558309896,0.28992220478123837,14811
155,ProtSSN_ensemble,A4_HUMAN_Seuma_2022,0.6712578488960907,0.7035786630654963,0.660832064941654,0.6815357446530185,0.3432373162065922,14811
156,SaProt_650M_AF2,A4_HUMAN_Seuma_2022,0.6735534400108028,0.7058744091829845,0.66298833079655,0.6837595657008306,0.34783811262400854,14811
157,SaProt_35M_AF2,A4_HUMAN_Seuma_2022,0.6657214232664911,0.6980418636056719,0.6556316590563166,0.6761724115377068,0.33214127778811753,14811
158,PoET,A4_HUMAN_Seuma_2022,0.6663965971237593,0.6987170830519919,0.6562658548959919,0.6768264765517692,0.3334944532050047,14811
159,MULAN_small,A4_HUMAN_Seuma_2022,0.664236040780501,0.6965563808237677,0.6542364282090309,0.6747334685067695,0.3291642918709658,14811
160,ProSST-20,A4_HUMAN_Seuma_2022,0.6356086692323273,0.6679270762997974,0.6273465246067986,0.6470011119105239,0.2717896541949505,14811
161,ProSST-128,A4_HUMAN_Seuma_2022,0.6503274593207751,0.6826468602295747,0.64117199391172,0.6612597292170842,0.3012888782830905,14811
162,ProSST-512,A4_HUMAN_Seuma_2022,0.655728850178921,0.6880486158001351,0.6462455606291223,0.6664922493295834,0.31211428161818766,14811
163,ProSST-1024,A4_HUMAN_Seuma_2022,0.6144082101141044,0.6467251856853478,0.6074327752409944,0.6264634704689647,0.2292999461046939,14811
164,ProSST-2048,A4_HUMAN_Seuma_2022,0.6715279184389981,0.7038487508440243,0.6610857432775241,0.6817973706586434,0.3437785863733471,14811
165,ProSST-4096,A4_HUMAN_Seuma_2022,0.6133279319424751,0.6456448345712357,0.6064180618975139,0.6254169664464648,0.22713486543767444,14811
166,ESCOTT,A4_HUMAN_Seuma_2022,0.7014381203159814,0.7337925445705025,0.689117199391172,0.7107535321821036,0.4037330081296045,14811
167,VenusREM,A4_HUMAN_Seuma_2022,0.6723381270677199,0.7046590141796084,0.6618467782851345,0.6825822486755183,0.34540239687361163,14811
168,RSALOR,A4_HUMAN_Seuma_2022,0.6778745526973196,0.7101958136394328,0.6670471841704718,0.68794558179083,0.3564984352920863,14811
169,S2F,A4_HUMAN_Seuma_2022,0.6785497265545878,0.7108710330857528,0.6676813800101471,0.6885996468048924,0.3578516107089735,14811
170,S2F_MSA,A4_HUMAN_Seuma_2022,0.6712578488960907,0.7035786630654963,0.660832064941654,0.6815357446530185,0.3432373162065922,14811
171,S3F,A4_HUMAN_Seuma_2022,0.6902977516710553,0.7226198514517218,0.6787163876204972,0.6999803780495781,0.38139686296280995,14811
172,S3F_MSA,A4_HUMAN_Seuma_2022,0.680035109040578,0.712356515867657,0.6690766108574328,0.6900385898358297,0.3608285966261252,14811
173,SiteRM,A4_HUMAN_Seuma_2022,0.6820606306123826,0.7143821742066172,0.6709791983764587,0.6920007848780169,0.3648881228767867,14811
174,ESM3,A4_HUMAN_Seuma_2022,0.6524880156640335,0.6848075624577988,0.6432014205986809,0.6633527372620839,0.30561903961712933,14811
175,ESMC-300M,A4_HUMAN_Seuma_2022,0.6952265208291135,0.7285675529028758,0.6812531709791984,0.704116413214473,0.3915675821331807,14811
176,ESMC-600M,A4_HUMAN_Seuma_2022,0.6805077307406657,0.713550135501355,0.6679350583460173,0.6899895178197065,0.36199655033808203,14811
177,xTrimoPGLM-1B-MLM,A4_HUMAN_Seuma_2022,0.6230504354871379,0.6553679945982445,0.6155504819888381,0.6348355026489633,0.24662059144084947,14811
178,xTrimoPGLM-3B-MLM,A4_HUMAN_Seuma_2022,0.6086017149415974,0.6409182984469953,0.601978691019787,0.620838511348028,0.21766263751946438,14811
179,xTrimoPGLM-10B-MLM,A4_HUMAN_Seuma_2022,0.6346634258321517,0.6669817690749493,0.6264586504312532,0.6460854208908365,0.2698952086113085,14811
180,xTrimoPGLM-1B-CLM,A4_HUMAN_Seuma_2022,0.5886165687664574,0.6209318028359216,0.5832064941653983,0.601478186931781,0.17760864517960465,14811
181,xTrimoPGLM-3B-CLM,A4_HUMAN_Seuma_2022,0.5836202822226724,0.6159351789331533,0.5785134449518011,0.5966381058277193,0.1675951470946397,14811
182,xTrimoPGLM-7B-CLM,A4_HUMAN_Seuma_2022,0.5433799203294848,0.575692099932478,0.5407153729071538,0.5576558309896004,0.08694589224816536,14811
183,xTrimoPGLM-100B-int4,A4_HUMAN_Seuma_2022,0.5994193504827493,0.6317353139770425,0.5933536276002029,0.6119432271567794,0.1992594518497991,14811
184,Progen3_112m,A4_HUMAN_Seuma_2022,0.6352710823036932,0.6676121015667207,0.6269660071029934,0.6466509680795395,0.27112181485657927,14811
185,Progen3_219m,A4_HUMAN_Seuma_2022,0.6539733981500236,0.6862930452397029,0.6445966514459666,0.6647916802930212,0.30859602553428106,14811
186,Progen3_339m,A4_HUMAN_Seuma_2022,0.6545135372358383,0.6868332207967589,0.6451040081177067,0.6653149323042711,0.3096785658677908,14811
187,Progen3_762m,A4_HUMAN_Seuma_2022,0.6373641212612248,0.6696826468602296,0.6289954337899544,0.6487016809470861,0.2753079102788571,14811
188,Progen3_1b,A4_HUMAN_Seuma_2022,0.6273715481736547,0.6596893990546928,0.61960933536276,0.6390215187389626,0.2552809141089272,14811
189,Progen3_3b,A4_HUMAN_Seuma_2022,0.6334481128890689,0.6657663740715732,0.6253170979198377,0.6449081038655242,0.26745949286091164,14811
190,Site_Independent,ACE2_HUMAN_Chan_2020,0.581646423751687,0.5814581458145814,0.5814581458145814,0.5814581458145814,0.16329267818868218,2223
191,EVmutation,ACE2_HUMAN_Chan_2020,0.5528565002249213,0.5526552655265526,0.5526552655265526,0.5526552655265526,0.10571281948338719,2223
192,DeepSequence_single,ACE2_HUMAN_Chan_2020,0.5393612235717499,0.5391539153915391,0.5391539153915391,0.5391539153915391,0.07872226071528016,2223
193,DeepSequence_ensemble,ACE2_HUMAN_Chan_2020,0.5393612235717499,0.5391539153915391,0.5391539153915391,0.5391539153915391,0.07872226071528016,2223
194,EVE_single,ACE2_HUMAN_Chan_2020,0.5591542959964012,0.5589558955895589,0.5589558955895589,0.5589558955895589,0.11830841357517047,2223
195,EVE_ensemble,ACE2_HUMAN_Chan_2020,0.5510571300044984,0.5508550855085509,0.5508550855085509,0.5508550855085509,0.10211407831430624,2223
196,Unirep,ACE2_HUMAN_Chan_2020,0.4853801169590643,0.48514851485148514,0.48514851485148514,0.48514851485148514,-0.029239974357147945,2223
197,Unirep_evotune,ACE2_HUMAN_Chan_2020,0.5069725596041386,0.5067506750675067,0.5067506750675067,0.5067506750675067,0.013944919671823297,2223
198,MSA_Transformer_single,ACE2_HUMAN_Chan_2020,0.5807467386414755,0.5805580558055805,0.5805580558055805,0.5805580558055805,0.1614933076041417,2223
199,MSA_Transformer_ensemble,ACE2_HUMAN_Chan_2020,0.5843454790823212,0.5841584158415841,0.5841584158415841,0.5841584158415841,0.16869078994230358,2223
200,ESM1b,ACE2_HUMAN_Chan_2020,0.5906432748538012,0.5904590459045904,0.5904590459045904,0.5904590459045904,0.18128638403408687,2223
201,ESM1v_single,ACE2_HUMAN_Chan_2020,0.5429599640125956,0.5427542754275427,0.5427542754275427,0.5427542754275427,0.08591974305344204,2223
202,ESM1v_ensemble,ACE2_HUMAN_Chan_2020,0.5636527215474584,0.5634563456345635,0.5634563456345635,0.5634563456345635,0.1273052664978728,2223
203,ESM2_8M,ACE2_HUMAN_Chan_2020,0.49347728295096716,0.49324932493249324,0.49324932493249324,0.49324932493249324,-0.013045639096283729,2223
204,ESM2_35M,ACE2_HUMAN_Chan_2020,0.5168690958164642,0.5166516651665166,0.5166516651665166,0.5166516651665166,0.03373799610176845,2223
205,ESM2_150M,ACE2_HUMAN_Chan_2020,0.5762483130904184,0.5760576057605761,0.5760576057605761,0.5760576057605761,0.15249645468143938,2223
206,ESM2_650M,ACE2_HUMAN_Chan_2020,0.5762483130904184,0.5760576057605761,0.5760576057605761,0.5760576057605761,0.15249645468143938,2223
207,ESM2_3B,ACE2_HUMAN_Chan_2020,0.5573549257759784,0.5571557155715572,0.5571557155715572,0.5571557155715572,0.11470967240608954,2223
208,ESM2_15B,ACE2_HUMAN_Chan_2020,0.543859649122807,0.5436543654365437,0.5436543654365437,0.5436543654365437,0.0877191136379825,2223
209,Wavenet,ACE2_HUMAN_Chan_2020,0.5636527215474584,0.5634563456345635,0.5634563456345635,0.5634563456345635,0.1273052664978728,2223
210,RITA_s,ACE2_HUMAN_Chan_2020,0.4979757085020243,0.4977497749774977,0.4977497749774977,0.4977497749774977,-0.004048786173581387,2223
211,RITA_m,ACE2_HUMAN_Chan_2020,0.5168690958164642,0.5166516651665166,0.5166516651665166,0.5166516651665166,0.03373799610176845,2223
212,RITA_l,ACE2_HUMAN_Chan_2020,0.5474583895636527,0.5472547254725473,0.5472547254725473,0.5472547254725473,0.09491659597614438,2223
213,RITA_xl,ACE2_HUMAN_Chan_2020,0.5708502024291497,0.5706570657065707,0.5706570657065707,0.5706570657065707,0.14170023117419656,2223
214,Progen2_small,ACE2_HUMAN_Chan_2020,0.4853801169590643,0.48514851485148514,0.48514851485148514,0.48514851485148514,-0.029239974357147945,2223
215,Progen2_medium,ACE2_HUMAN_Chan_2020,0.537561853351327,0.5373537353735374,0.5373537353735374,0.5373537353735374,0.07512351954619922,2223
216,Progen2_base,ACE2_HUMAN_Chan_2020,0.5582546108861899,0.558055805580558,0.558055805580558,0.558055805580558,0.11650904299063,2223
217,Progen2_large,ACE2_HUMAN_Chan_2020,0.5582546108861899,0.558055805580558,0.558055805580558,0.558055805580558,0.11650904299063,2223
218,Progen2_xlarge,ACE2_HUMAN_Chan_2020,0.5897435897435898,0.5895589558955896,0.5895589558955896,0.5895589558955896,0.1794870134495464,2223
219,GEMME,ACE2_HUMAN_Chan_2020,0.5483580746738641,0.5481548154815482,0.5481548154815482,0.5481548154815482,0.09671596656068485,2223
220,VESPA,ACE2_HUMAN_Chan_2020,0.5519568151147098,0.5517551755175517,0.5517551755175517,0.5517551755175517,0.10391344889884672,2223
221,VESPAl,ACE2_HUMAN_Chan_2020,0.5384615384615384,0.5382538253825383,0.5382538253825383,0.5382538253825383,0.07692289013073969,2223
222,VespaG,ACE2_HUMAN_Chan_2020,0.5510571300044984,0.5508550855085509,0.5508550855085509,0.5508550855085509,0.10211407831430624,2223
223,ProtGPT2,ACE2_HUMAN_Chan_2020,0.5312640575798471,0.5310531053105311,0.5310531053105311,0.5310531053105311,0.06252792545441595,2223
224,Tranception_S_no_retrieval,ACE2_HUMAN_Chan_2020,0.5033738191632928,0.5031503150315032,0.5031503150315032,0.5031503150315032,0.006747437333661423,2223
225,Tranception_M_no_retrieval,ACE2_HUMAN_Chan_2020,0.5195681511470985,0.5193519351935193,0.5193519351935193,0.5193519351935193,0.03913610785538985,2223
226,Tranception_L_no_retrieval,ACE2_HUMAN_Chan_2020,0.5222672064777328,0.5220522052205221,0.5220522052205221,0.5220522052205221,0.04453421960901126,2223
227,Tranception_S,ACE2_HUMAN_Chan_2020,0.5672514619883041,0.5670567056705671,0.5670567056705671,0.5670567056705671,0.1345027488360347,2223
228,Tranception_M,ACE2_HUMAN_Chan_2020,0.5456590193432299,0.5454545454545454,0.5454545454545454,0.5454545454545454,0.09131785480706343,2223
229,Tranception_L,ACE2_HUMAN_Chan_2020,0.5420602789023842,0.5418541854185418,0.5418541854185418,0.5418541854185418,0.08412037246890157,2223
230,TranceptEVE_S,ACE2_HUMAN_Chan_2020,0.5528565002249213,0.5526552655265526,0.5526552655265526,0.5526552655265526,0.10571281948338719,2223
231,TranceptEVE_M,ACE2_HUMAN_Chan_2020,0.5420602789023842,0.5418541854185418,0.5418541854185418,0.5418541854185418,0.08412037246890157,2223
232,TranceptEVE_L,ACE2_HUMAN_Chan_2020,0.5411605937921727,0.540954095409541,0.540954095409541,0.540954095409541,0.0823210018843611,2223
233,CARP_38M,ACE2_HUMAN_Chan_2020,0.5033738191632928,0.5031503150315032,0.5031503150315032,0.5031503150315032,0.006747437333661423,2223
234,CARP_600K,ACE2_HUMAN_Chan_2020,0.5231668915879443,0.5229522952295229,0.5229522952295229,0.5229522952295229,0.04633359019355173,2223
235,CARP_640M,ACE2_HUMAN_Chan_2020,0.6086369770580297,0.6084608460846085,0.6084608460846085,0.6084608460846085,0.21727379572489622,2223
236,CARP_76M,ACE2_HUMAN_Chan_2020,0.5177687809266757,0.5175517551755175,0.5175517551755175,0.5175517551755175,0.03553736668630892,2223
237,MIF,ACE2_HUMAN_Chan_2020,0.6437246963562753,0.6435643564356436,0.6435643564356436,0.6435643564356436,0.2874492485219745,2223
238,MIFST,ACE2_HUMAN_Chan_2020,0.6194331983805668,0.6192619261926192,0.6192619261926192,0.6192619261926192,0.23886624273938184,2223
239,ESM-IF1,ACE2_HUMAN_Chan_2020,0.634727845254161,0.6345634563456346,0.6345634563456346,0.6345634563456346,0.2694555426765698,2223
240,ProteinMPNN,ACE2_HUMAN_Chan_2020,0.5402609086819613,0.54005400540054,0.54005400540054,0.54005400540054,0.08052163129982062,2223
241,ProtSSN_k10_h512,ACE2_HUMAN_Chan_2020,0.5807467386414755,0.5805580558055805,0.5805580558055805,0.5805580558055805,0.1614933076041417,2223
242,ProtSSN_k10_h768,ACE2_HUMAN_Chan_2020,0.6041385515069726,0.6039603960396039,0.6039603960396039,0.6039603960396039,0.2082769428021939,2223
243,ProtSSN_k10_h1280,ACE2_HUMAN_Chan_2020,0.5798470535312641,0.5796579657965797,0.5796579657965797,0.5796579657965797,0.15969393701960125,2223
244,ProtSSN_k20_h512,ACE2_HUMAN_Chan_2020,0.5906432748538012,0.5904590459045904,0.5904590459045904,0.5904590459045904,0.18128638403408687,2223
245,ProtSSN_k20_h768,ACE2_HUMAN_Chan_2020,0.5870445344129555,0.5868586858685868,0.5868586858685868,0.5868586858685868,0.17408890169592497,2223
246,ProtSSN_k20_h1280,ACE2_HUMAN_Chan_2020,0.5978407557354926,0.5976597659765976,0.5976597659765976,0.5976597659765976,0.1956813487104106,2223
247,ProtSSN_k30_h512,ACE2_HUMAN_Chan_2020,0.5825461088618983,0.5823582358235824,0.5823582358235824,0.5823582358235824,0.16509204877322264,2223
248,ProtSSN_k30_h768,ACE2_HUMAN_Chan_2020,0.581646423751687,0.5814581458145814,0.5814581458145814,0.5814581458145814,0.16329267818868218,2223
249,ProtSSN_k30_h1280,ACE2_HUMAN_Chan_2020,0.5834457939721097,0.5832583258325833,0.5832583258325833,0.5832583258325833,0.1668914193577631,2223
250,ProtSSN_ensemble,ACE2_HUMAN_Chan_2020,0.586144849302744,0.585958595859586,0.585958595859586,0.585958595859586,0.1722895311113845,2223
251,SaProt_650M_AF2,ACE2_HUMAN_Chan_2020,0.6158344579397211,0.6156615661566157,0.6156615661566157,0.6156615661566157,0.23166876040121998,2223
252,SaProt_35M_AF2,ACE2_HUMAN_Chan_2020,0.5807467386414755,0.5805580558055805,0.5805580558055805,0.5805580558055805,0.1614933076041417,2223
253,PoET,ACE2_HUMAN_Chan_2020,0.5888439046333783,0.5886588658865887,0.5886588658865887,0.5886588658865887,0.17768764286500593,2223
254,MULAN_small,ACE2_HUMAN_Chan_2020,0.5294646873594242,0.5292529252925292,0.5292529252925292,0.5292529252925292,0.05892918428533501,2223
255,ProSST-20,ACE2_HUMAN_Chan_2020,0.5654520917678812,0.5652565256525652,0.5652565256525652,0.5652565256525652,0.13090400766695376,2223
256,ProSST-128,ACE2_HUMAN_Chan_2020,0.5645524066576698,0.5643564356435643,0.5643564356435643,0.5643564356435643,0.12910463708241326,2223
257,ProSST-512,ACE2_HUMAN_Chan_2020,0.6167341430499326,0.6165616561656165,0.6165616561656165,0.6165616561656165,0.23346813098576044,2223
258,ProSST-1024,ACE2_HUMAN_Chan_2020,0.6023391812865497,0.6021602160216022,0.6021602160216022,0.6021602160216022,0.20467820163311296,2223
259,ProSST-2048,ACE2_HUMAN_Chan_2020,0.5609536662168241,0.5607560756075608,0.5607560756075608,0.5607560756075608,0.1219071547442514,2223
260,ProSST-4096,ACE2_HUMAN_Chan_2020,0.5897435897435898,0.5895589558955896,0.5895589558955896,0.5895589558955896,0.1794870134495464,2223
261,ESCOTT,ACE2_HUMAN_Chan_2020,0.5573549257759784,0.5571557155715572,0.5571557155715572,0.5571557155715572,0.11470967240608954,2223
262,VenusREM,ACE2_HUMAN_Chan_2020,0.573549257759784,0.5733573357335734,0.5733573357335734,0.5733573357335734,0.14709834292781795,2223
263,RSALOR,ACE2_HUMAN_Chan_2020,0.5582546108861899,0.5582655826558266,0.5562556255625563,0.5572587917042381,0.11650836718523333,2223
264,S2F,ACE2_HUMAN_Chan_2020,0.5825461088618983,0.5823582358235824,0.5823582358235824,0.5823582358235824,0.16509204877322264,2223
265,S2F_MSA,ACE2_HUMAN_Chan_2020,0.5753486279802069,0.5751575157515751,0.5751575157515751,0.5751575157515751,0.1506970840968989,2223
266,S3F,ACE2_HUMAN_Chan_2020,0.5906432748538012,0.5904590459045904,0.5904590459045904,0.5904590459045904,0.18128638403408687,2223
267,S3F_MSA,ACE2_HUMAN_Chan_2020,0.5708502024291497,0.5706570657065707,0.5706570657065707,0.5706570657065707,0.14170023117419656,2223
268,SiteRM,ACE2_HUMAN_Chan_2020,0.5717498875393612,0.5715571557155715,0.5715571557155715,0.5715571557155715,0.14349960175873702,2223
269,ESM3,ACE2_HUMAN_Chan_2020,0.6284300494826811,0.6282628262826283,0.6282628262826283,0.6282628262826283,0.25685994858478656,2223
270,ESMC-300M,ACE2_HUMAN_Chan_2020,0.5883940620782726,0.5886075949367089,0.585958595859586,0.5872801082543978,0.17678808047493175,2223
271,ESMC-600M,ACE2_HUMAN_Chan_2020,0.611336032388664,0.6113615870153292,0.6102610261026102,0.6108108108108108,0.2226716387593387,2223
272,xTrimoPGLM-1B-MLM,ACE2_HUMAN_Chan_2020,0.556455240665767,0.5562556255625563,0.5562556255625563,0.5562556255625563,0.11291030182154906,2223
273,xTrimoPGLM-3B-MLM,ACE2_HUMAN_Chan_2020,0.5717498875393612,0.5715571557155715,0.5715571557155715,0.5715571557155715,0.14349960175873702,2223
274,xTrimoPGLM-10B-MLM,ACE2_HUMAN_Chan_2020,0.5582546108861899,0.558055805580558,0.558055805580558,0.558055805580558,0.11650904299063,2223
275,xTrimoPGLM-1B-CLM,ACE2_HUMAN_Chan_2020,0.550157444894287,0.54995499549955,0.54995499549955,0.54995499549955,0.10031470772976578,2223
276,xTrimoPGLM-3B-CLM,ACE2_HUMAN_Chan_2020,0.5366621682411156,0.5364536453645364,0.5364536453645364,0.5364536453645364,0.07332414896165876,2223
277,xTrimoPGLM-7B-CLM,ACE2_HUMAN_Chan_2020,0.5177687809266757,0.5175517551755175,0.5175517551755175,0.5175517551755175,0.03553736668630892,2223
278,xTrimoPGLM-100B-int4,ACE2_HUMAN_Chan_2020,0.5465587044534413,0.5463546354635463,0.5463546354635463,0.5463546354635463,0.09311722539160391,2223
279,Progen3_112m,ACE2_HUMAN_Chan_2020,0.524966261808367,0.5247524752475248,0.5247524752475248,0.5247524752475248,0.04993233136263266,2223
280,Progen3_219m,ACE2_HUMAN_Chan_2020,0.5231668915879443,0.5229522952295229,0.5229522952295229,0.5229522952295229,0.04633359019355173,2223
281,Progen3_339m,ACE2_HUMAN_Chan_2020,0.5258659469185785,0.5256525652565257,0.5256525652565257,0.5256525652565257,0.051731701947173137,2223
282,Progen3_762m,ACE2_HUMAN_Chan_2020,0.5384615384615384,0.5382538253825383,0.5382538253825383,0.5382538253825383,0.07692289013073969,2223
283,Progen3_1b,ACE2_HUMAN_Chan_2020,0.5537561853351327,0.5535553555355536,0.5535553555355536,0.5535553555355536,0.10751219006792766,2223
284,Progen3_3b,ACE2_HUMAN_Chan_2020,0.5663517768780927,0.5661566156615662,0.5661566156615662,0.5661566156615662,0.13270337825149423,2223
285,Site_Independent,ADRB2_HUMAN_Jones_2020,0.6387179487179487,0.6387179487179487,0.6387179487179487,0.6387179487179487,0.2774358974358974,7800
286,EVmutation,ADRB2_HUMAN_Jones_2020,0.6820512820512821,0.6820512820512821,0.6820512820512821,0.6820512820512821,0.3641025641025641,7800
287,DeepSequence_single,ADRB2_HUMAN_Jones_2020,0.7051282051282052,0.7051282051282052,0.7051282051282052,0.7051282051282052,0.41025641025641024,7800
288,DeepSequence_ensemble,ADRB2_HUMAN_Jones_2020,0.7056410256410256,0.7056410256410256,0.7056410256410256,0.7056410256410256,0.4112820512820513,7800
289,EVE_single,ADRB2_HUMAN_Jones_2020,0.6983333333333334,0.6983842010771992,0.6982051282051283,0.6982946531606616,0.3966666797063342,7800
290,EVE_ensemble,ADRB2_HUMAN_Jones_2020,0.7035897435897436,0.7035897435897436,0.7035897435897436,0.7035897435897436,0.40717948717948715,7800
291,Unirep,ADRB2_HUMAN_Jones_2020,0.6817948717948717,0.6817948717948717,0.6817948717948717,0.6817948717948717,0.3635897435897436,7800
292,Unirep_evotune,ADRB2_HUMAN_Jones_2020,0.6982051282051283,0.6982051282051283,0.6982051282051283,0.6982051282051283,0.3964102564102564,7800
293,MSA_Transformer_single,ADRB2_HUMAN_Jones_2020,0.7158974358974359,0.7158974358974359,0.7158974358974359,0.7158974358974359,0.4317948717948718,7800
294,MSA_Transformer_ensemble,ADRB2_HUMAN_Jones_2020,0.713076923076923,0.713076923076923,0.713076923076923,0.713076923076923,0.42615384615384616,7800
295,ESM1b,ADRB2_HUMAN_Jones_2020,0.7151282051282051,0.7151282051282051,0.7151282051282051,0.7151282051282051,0.43025641025641026,7800
296,ESM1v_single,ADRB2_HUMAN_Jones_2020,0.7141025641025641,0.7141025641025641,0.7141025641025641,0.7141025641025641,0.4282051282051282,7800
297,ESM1v_ensemble,ADRB2_HUMAN_Jones_2020,0.7141025641025641,0.7141025641025641,0.7141025641025641,0.7141025641025641,0.4282051282051282,7800
298,ESM2_8M,ADRB2_HUMAN_Jones_2020,0.6564102564102564,0.6564102564102564,0.6564102564102564,0.6564102564102564,0.3128205128205128,7800
299,ESM2_35M,ADRB2_HUMAN_Jones_2020,0.6702564102564103,0.6702564102564103,0.6702564102564103,0.6702564102564103,0.3405128205128205,7800
300,ESM2_150M,ADRB2_HUMAN_Jones_2020,0.6864102564102564,0.6864102564102564,0.6864102564102564,0.6864102564102564,0.3728205128205128,7800
301,ESM2_650M,ADRB2_HUMAN_Jones_2020,0.6958974358974359,0.6958974358974359,0.6958974358974359,0.6958974358974359,0.39179487179487177,7800
302,ESM2_3B,ADRB2_HUMAN_Jones_2020,0.701025641025641,0.701025641025641,0.701025641025641,0.701025641025641,0.40205128205128204,7800
303,ESM2_15B,ADRB2_HUMAN_Jones_2020,0.7023076923076923,0.7023076923076923,0.7023076923076923,0.7023076923076923,0.4046153846153846,7800
304,Wavenet,ADRB2_HUMAN_Jones_2020,0.7058974358974359,0.7058974358974359,0.7058974358974359,0.7058974358974359,0.4117948717948718,7800
305,RITA_s,ADRB2_HUMAN_Jones_2020,0.7123076923076923,0.7123076923076923,0.7123076923076923,0.7123076923076923,0.4246153846153846,7800
306,RITA_m,ADRB2_HUMAN_Jones_2020,0.7135897435897436,0.7135897435897436,0.7135897435897436,0.7135897435897436,0.42717948717948717,7800
307,RITA_l,ADRB2_HUMAN_Jones_2020,0.7076923076923077,0.7076923076923077,0.7076923076923077,0.7076923076923077,0.4153846153846154,7800
308,RITA_xl,ADRB2_HUMAN_Jones_2020,0.6948717948717948,0.6948717948717948,0.6948717948717948,0.6948717948717948,0.38974358974358975,7800
309,Progen2_small,ADRB2_HUMAN_Jones_2020,0.7156410256410256,0.7156410256410256,0.7156410256410256,0.7156410256410256,0.43128205128205127,7800
310,Progen2_medium,ADRB2_HUMAN_Jones_2020,0.7105128205128205,0.7105128205128205,0.7105128205128205,0.7105128205128205,0.42102564102564105,7800
311,Progen2_base,ADRB2_HUMAN_Jones_2020,0.7105128205128205,0.7105128205128205,0.7105128205128205,0.7105128205128205,0.42102564102564105,7800
312,Progen2_large,ADRB2_HUMAN_Jones_2020,0.7123076923076923,0.7123076923076923,0.7123076923076923,0.7123076923076923,0.4246153846153846,7800
313,Progen2_xlarge,ADRB2_HUMAN_Jones_2020,0.6956410256410256,0.6956410256410256,0.6956410256410256,0.6956410256410256,0.3912820512820513,7800
314,GEMME,ADRB2_HUMAN_Jones_2020,0.7143589743589743,0.7143589743589743,0.7143589743589743,0.7143589743589743,0.4287179487179487,7800
315,VESPA,ADRB2_HUMAN_Jones_2020,0.7028205128205128,0.7028205128205128,0.7028205128205128,0.7028205128205128,0.40564102564102567,7800
316,VESPAl,ADRB2_HUMAN_Jones_2020,0.6552564102564102,0.6554557124518614,0.6546153846153846,0.655035279025016,0.31051307570118614,7800
317,VespaG,ADRB2_HUMAN_Jones_2020,0.7076923076923077,0.7076923076923077,0.7076923076923077,0.7076923076923077,0.4153846153846154,7800
318,ProtGPT2,ADRB2_HUMAN_Jones_2020,0.6247435897435898,0.6247755834829444,0.6246153846153846,0.6246954737786896,0.24948718768859932,7800
319,Tranception_S_no_retrieval,ADRB2_HUMAN_Jones_2020,0.7176923076923077,0.7176923076923077,0.7176923076923077,0.7176923076923077,0.43538461538461537,7800
320,Tranception_M_no_retrieval,ADRB2_HUMAN_Jones_2020,0.7102564102564103,0.7102564102564103,0.7102564102564103,0.7102564102564103,0.4205128205128205,7800
321,Tranception_L_no_retrieval,ADRB2_HUMAN_Jones_2020,0.7002564102564103,0.7002564102564103,0.7002564102564103,0.7002564102564103,0.4005128205128205,7800
322,Tranception_S,ADRB2_HUMAN_Jones_2020,0.7141025641025641,0.7141025641025641,0.7141025641025641,0.7141025641025641,0.4282051282051282,7800
323,Tranception_M,ADRB2_HUMAN_Jones_2020,0.7148717948717949,0.7148717948717949,0.7148717948717949,0.7148717948717949,0.4297435897435897,7800
324,Tranception_L,ADRB2_HUMAN_Jones_2020,0.7135897435897436,0.7135897435897436,0.7135897435897436,0.7135897435897436,0.42717948717948717,7800
325,TranceptEVE_S,ADRB2_HUMAN_Jones_2020,0.7115384615384616,0.7115384615384616,0.7115384615384616,0.7115384615384616,0.4230769230769231,7800
326,TranceptEVE_M,ADRB2_HUMAN_Jones_2020,0.7151282051282051,0.7151282051282051,0.7151282051282051,0.7151282051282051,0.43025641025641026,7800
327,TranceptEVE_L,ADRB2_HUMAN_Jones_2020,0.7138461538461538,0.7138461538461538,0.7138461538461538,0.7138461538461538,0.4276923076923077,7800
328,CARP_38M,ADRB2_HUMAN_Jones_2020,0.6876923076923077,0.6876923076923077,0.6876923076923077,0.6876923076923077,0.37538461538461537,7800
329,CARP_600K,ADRB2_HUMAN_Jones_2020,0.5620512820512821,0.5620512820512821,0.5620512820512821,0.5620512820512821,0.12410256410256411,7800
330,CARP_640M,ADRB2_HUMAN_Jones_2020,0.7153846153846154,0.7153846153846154,0.7153846153846154,0.7153846153846154,0.4307692307692308,7800
331,CARP_76M,ADRB2_HUMAN_Jones_2020,0.7056410256410256,0.7056410256410256,0.7056410256410256,0.7056410256410256,0.4112820512820513,7800
332,MIF,ADRB2_HUMAN_Jones_2020,0.6679487179487179,0.6679487179487179,0.6679487179487179,0.6679487179487179,0.33589743589743587,7800
333,MIFST,ADRB2_HUMAN_Jones_2020,0.6982051282051283,0.6982051282051283,0.6982051282051283,0.6982051282051283,0.3964102564102564,7800
334,ESM-IF1,ADRB2_HUMAN_Jones_2020,0.6841025641025641,0.6841025641025641,0.6841025641025641,0.6841025641025641,0.3682051282051282,7800
335,ProteinMPNN,ADRB2_HUMAN_Jones_2020,0.5843589743589743,0.5843589743589743,0.5843589743589743,0.5843589743589743,0.1687179487179487,7800
336,ProtSSN_k10_h512,ADRB2_HUMAN_Jones_2020,0.6928205128205128,0.6928205128205128,0.6928205128205128,0.6928205128205128,0.38564102564102565,7800
337,ProtSSN_k10_h768,ADRB2_HUMAN_Jones_2020,0.6951282051282052,0.6951282051282052,0.6951282051282052,0.6951282051282052,0.3902564102564103,7800
338,ProtSSN_k10_h1280,ADRB2_HUMAN_Jones_2020,0.7058974358974359,0.7058974358974359,0.7058974358974359,0.7058974358974359,0.4117948717948718,7800
339,ProtSSN_k20_h512,ADRB2_HUMAN_Jones_2020,0.701025641025641,0.701025641025641,0.701025641025641,0.701025641025641,0.40205128205128204,7800
340,ProtSSN_k20_h768,ADRB2_HUMAN_Jones_2020,0.7043589743589743,0.7043589743589743,0.7043589743589743,0.7043589743589743,0.4087179487179487,7800
341,ProtSSN_k20_h1280,ADRB2_HUMAN_Jones_2020,0.7007692307692308,0.7007692307692308,0.7007692307692308,0.7007692307692308,0.4015384615384615,7800
342,ProtSSN_k30_h512,ADRB2_HUMAN_Jones_2020,0.6974358974358974,0.6974358974358974,0.6974358974358974,0.6974358974358974,0.39487179487179486,7800
343,ProtSSN_k30_h768,ADRB2_HUMAN_Jones_2020,0.7069230769230769,0.7069230769230769,0.7069230769230769,0.7069230769230769,0.41384615384615386,7800
344,ProtSSN_k30_h1280,ADRB2_HUMAN_Jones_2020,0.7012820512820512,0.7012820512820512,0.7012820512820512,0.7012820512820512,0.4025641025641026,7800
345,ProtSSN_ensemble,ADRB2_HUMAN_Jones_2020,0.7087179487179487,0.7087179487179487,0.7087179487179487,0.7087179487179487,0.41743589743589743,7800
346,SaProt_650M_AF2,ADRB2_HUMAN_Jones_2020,0.7284615384615385,0.7284615384615385,0.7284615384615385,0.7284615384615385,0.45692307692307693,7800
347,SaProt_35M_AF2,ADRB2_HUMAN_Jones_2020,0.7053846153846154,0.7053846153846154,0.7053846153846154,0.7053846153846154,0.4107692307692308,7800
348,PoET,ADRB2_HUMAN_Jones_2020,0.7169230769230769,0.7169230769230769,0.7169230769230769,0.7169230769230769,0.4338461538461538,7800
349,MULAN_small,ADRB2_HUMAN_Jones_2020,0.7038461538461539,0.7038461538461539,0.7038461538461539,0.7038461538461539,0.4076923076923077,7800
350,ProSST-20,ADRB2_HUMAN_Jones_2020,0.6305128205128205,0.6305128205128205,0.6305128205128205,0.6305128205128205,0.261025641025641,7800
351,ProSST-128,ADRB2_HUMAN_Jones_2020,0.6458974358974359,0.6458974358974359,0.6458974358974359,0.6458974358974359,0.2917948717948718,7800
352,ProSST-512,ADRB2_HUMAN_Jones_2020,0.65,0.65,0.65,0.65,0.3,7800
353,ProSST-1024,ADRB2_HUMAN_Jones_2020,0.65,0.65,0.65,0.65,0.3,7800
354,ProSST-2048,ADRB2_HUMAN_Jones_2020,0.6994871794871795,0.6994871794871795,0.6994871794871795,0.6994871794871795,0.39897435897435896,7800
355,ProSST-4096,ADRB2_HUMAN_Jones_2020,0.6582051282051282,0.6582051282051282,0.6582051282051282,0.6582051282051282,0.3164102564102564,7800
356,ESCOTT,ADRB2_HUMAN_Jones_2020,0.7143589743589743,0.7143589743589743,0.7143589743589743,0.7143589743589743,0.4287179487179487,7800
357,VenusREM,ADRB2_HUMAN_Jones_2020,0.7046153846153846,0.7046153846153846,0.7046153846153846,0.7046153846153846,0.40923076923076923,7800
358,RSALOR,ADRB2_HUMAN_Jones_2020,0.6987179487179487,0.6987179487179487,0.6987179487179487,0.6987179487179487,0.3974358974358974,7800
359,S2F,ADRB2_HUMAN_Jones_2020,0.7043589743589743,0.7043589743589743,0.7043589743589743,0.7043589743589743,0.4087179487179487,7800
360,S2F_MSA,ADRB2_HUMAN_Jones_2020,0.7151282051282051,0.7151282051282051,0.7151282051282051,0.7151282051282051,0.43025641025641026,7800
361,S3F,ADRB2_HUMAN_Jones_2020,0.7125641025641025,0.7125641025641025,0.7125641025641025,0.7125641025641025,0.42512820512820515,7800
362,S3F_MSA,ADRB2_HUMAN_Jones_2020,0.7166666666666667,0.7166666666666667,0.7166666666666667,0.7166666666666667,0.43333333333333335,7800
363,SiteRM,ADRB2_HUMAN_Jones_2020,0.6871794871794872,0.6871794871794872,0.6871794871794872,0.6871794871794872,0.37435897435897436,7800
364,ESM3,ADRB2_HUMAN_Jones_2020,0.7046153846153846,0.7047203694202155,0.7043589743589743,0.7045396255450116,0.4092308230415319,7800
365,ESMC-300M,ADRB2_HUMAN_Jones_2020,0.7173076923076923,0.7181467181467182,0.7153846153846154,0.7167630057803468,0.43461859926188307,7800
366,ESMC-600M,ADRB2_HUMAN_Jones_2020,0.7224358974358974,0.7237554810420428,0.7194871794871794,0.7216150186447217,0.44487953133854014,7800
367,xTrimoPGLM-1B-MLM,ADRB2_HUMAN_Jones_2020,0.7143589743589743,0.7143589743589743,0.7143589743589743,0.7143589743589743,0.4287179487179487,7800
368,xTrimoPGLM-3B-MLM,ADRB2_HUMAN_Jones_2020,0.7169230769230769,0.7169230769230769,0.7169230769230769,0.7169230769230769,0.4338461538461538,7800
369,xTrimoPGLM-10B-MLM,ADRB2_HUMAN_Jones_2020,0.7058974358974359,0.7058974358974359,0.7058974358974359,0.7058974358974359,0.4117948717948718,7800
370,xTrimoPGLM-1B-CLM,ADRB2_HUMAN_Jones_2020,0.6876923076923077,0.6876923076923077,0.6876923076923077,0.6876923076923077,0.37538461538461537,7800
371,xTrimoPGLM-3B-CLM,ADRB2_HUMAN_Jones_2020,0.6858974358974359,0.6858974358974359,0.6858974358974359,0.6858974358974359,0.3717948717948718,7800
372,xTrimoPGLM-7B-CLM,ADRB2_HUMAN_Jones_2020,0.6041025641025641,0.6041025641025641,0.6041025641025641,0.6041025641025641,0.2082051282051282,7800
373,xTrimoPGLM-100B-int4,ADRB2_HUMAN_Jones_2020,0.6958974358974359,0.6958974358974359,0.6958974358974359,0.6958974358974359,0.39179487179487177,7800
374,Progen3_112m,ADRB2_HUMAN_Jones_2020,0.6774358974358974,0.6774358974358974,0.6774358974358974,0.6774358974358974,0.3548717948717949,7800
375,Progen3_219m,ADRB2_HUMAN_Jones_2020,0.7028205128205128,0.7028205128205128,0.7028205128205128,0.7028205128205128,0.40564102564102567,7800
376,Progen3_339m,ADRB2_HUMAN_Jones_2020,0.7133333333333334,0.7133333333333334,0.7133333333333334,0.7133333333333334,0.4266666666666667,7800
377,Progen3_762m,ADRB2_HUMAN_Jones_2020,0.7207692307692307,0.7207692307692307,0.7207692307692307,0.7207692307692307,0.44153846153846155,7800
378,Progen3_1b,ADRB2_HUMAN_Jones_2020,0.7112820512820512,0.7112820512820512,0.7112820512820512,0.7112820512820512,0.42256410256410254,7800
379,Progen3_3b,ADRB2_HUMAN_Jones_2020,0.7051282051282052,0.7051282051282052,0.7051282051282052,0.7051282051282052,0.41025641025641024,7800
380,Site_Independent,AMIE_PSEAE_Wrenbeck_2017,0.6035008832503613,0.6035978156119499,0.6034039820166988,0.6035008832503613,0.20700179762864868,6227
381,EVmutation,AMIE_PSEAE_Wrenbeck_2017,0.6953589208286495,0.6954706071313845,0.695247270391779,0.6953589208286495,0.39071787752316356,6227
382,DeepSequence_single,AMIE_PSEAE_Wrenbeck_2017,0.71206038220652,0.712174751044009,0.7119460500963392,0.71206038220652,0.4241208011403481,6227
383,DeepSequence_ensemble,AMIE_PSEAE_Wrenbeck_2017,0.7242652962903485,0.7243816254416962,0.7241490044958253,0.7242652962903485,0.4485306299375214,6227
384,EVE_single,AMIE_PSEAE_Wrenbeck_2017,0.7101332905090734,0.7102473498233216,0.710019267822736,0.7101332905090734,0.4202666176460576,6227
385,EVE_ensemble,AMIE_PSEAE_Wrenbeck_2017,0.6979283764252449,0.6980404754256344,0.6978163134232498,0.6979283764252449,0.39585678884888426,6227
386,Unirep,AMIE_PSEAE_Wrenbeck_2017,0.517424120764413,0.5175072277545776,0.5173410404624278,0.517424120764413,0.034848268217005325,6227
387,Unirep_evotune,AMIE_PSEAE_Wrenbeck_2017,0.6812269150473743,0.68133633151301,0.6811175337186898,0.6812269150473743,0.36245386523169976,6227
388,MSA_Transformer_single,AMIE_PSEAE_Wrenbeck_2017,0.6568170868797174,0.6569225827176357,0.6567116249197174,0.6568170868797174,0.3136342076373531,6227
389,MSA_Transformer_ensemble,AMIE_PSEAE_Wrenbeck_2017,0.7470692147101333,0.7471892065531641,0.7469492614001284,0.7470692147101333,0.4941384679532926,6227
390,ESM1b,AMIE_PSEAE_Wrenbeck_2017,0.7329372089288582,0.7330549309347896,0.7328195247270392,0.7329372089288582,0.4658744556618288,6227
391,ESM1v_single,AMIE_PSEAE_Wrenbeck_2017,0.748353942508431,0.7484741407002891,0.7482337829158638,0.748353942508431,0.49670792361615296,6227
392,ESM1v_ensemble,AMIE_PSEAE_Wrenbeck_2017,0.7730849526256625,0.7732091230324446,0.77296082209377,0.7730849526256625,0.5461699451262146,6227
393,ESM2_8M,AMIE_PSEAE_Wrenbeck_2017,0.6073550666452545,0.6074526180533247,0.607257546563905,0.6073550666452545,0.21471016461722972,6227
394,ESM2_35M,AMIE_PSEAE_Wrenbeck_2017,0.6407579894009957,0.6408609058785737,0.640655105973025,0.6407579894009957,0.28151601185159875,6227
395,ESM2_150M,AMIE_PSEAE_Wrenbeck_2017,0.6494299020395053,0.6495342113716672,0.649325626204239,0.6494299020395053,0.2988598375759061,6227
396,ESM2_650M,AMIE_PSEAE_Wrenbeck_2017,0.7184840211980087,0.7185994217796338,0.718368657675016,0.7184840211980087,0.4369680794546498,6227
397,ESM2_3B,AMIE_PSEAE_Wrenbeck_2017,0.7785450457684279,0.7786700931577256,0.7784200385356455,0.7785450457684279,0.5570901316933712,6227
398,ESM2_15B,AMIE_PSEAE_Wrenbeck_2017,0.7464268508109845,0.7465467394796017,0.7463070006422607,0.7464268508109845,0.49285374012186245,6227
399,Wavenet,AMIE_PSEAE_Wrenbeck_2017,0.6966436486269472,0.6967555412785095,0.6965317919075145,0.6966436486269472,0.39328733318602394,6227
400,RITA_s,AMIE_PSEAE_Wrenbeck_2017,0.7261923879877951,0.7263090266623835,0.7260757867694284,0.7261923879877951,0.4523848134318119,6227
401,RITA_m,AMIE_PSEAE_Wrenbeck_2017,0.724586478239923,0.7247028589784773,0.7244701348747592,0.724586478239923,0.4491729938532365,6227
402,RITA_l,AMIE_PSEAE_Wrenbeck_2017,0.7223382045929019,0.7224542242210087,0.7222222222222222,0.7223382045929019,0.4446764464432309,6227
403,RITA_xl,AMIE_PSEAE_Wrenbeck_2017,0.7268347518869439,0.726951493735946,0.7267180475272961,0.7268347518869439,0.4536695412632421,6227
404,Progen2_small,AMIE_PSEAE_Wrenbeck_2017,0.7265135699373695,0.7266302601991648,0.7263969171483622,0.7265135699373695,0.453027177347527,6227
405,Progen2_medium,AMIE_PSEAE_Wrenbeck_2017,0.7425726674160912,0.7426919370382268,0.7424534360950545,0.7425726674160912,0.4851453731332814,6227
406,Progen2_base,AMIE_PSEAE_Wrenbeck_2017,0.7277982977356673,0.7279151943462897,0.7276814386640976,0.7277982977356673,0.4555966330103874,6227
407,Progen2_large,AMIE_PSEAE_Wrenbeck_2017,0.7265135699373695,0.7266302601991648,0.7263969171483622,0.7265135699373695,0.453027177347527,6227
408,Progen2_xlarge,AMIE_PSEAE_Wrenbeck_2017,0.7168781114501365,0.7169932540957276,0.7167630057803468,0.7168781114501365,0.4337562598760744,6227
409,GEMME,AMIE_PSEAE_Wrenbeck_2017,0.7348643006263048,0.734982332155477,0.7347463070006423,0.7348643006263048,0.4697286391561193,6227
410,VESPA,AMIE_PSEAE_Wrenbeck_2017,0.7435362132648146,0.7436556376485705,0.7434168272318561,0.7435362132648146,0.48707246488042666,6227
411,VESPAl,AMIE_PSEAE_Wrenbeck_2017,0.7266741609121568,0.7268637532133676,0.7263969171483622,0.7266302601991648,0.4533484576507617,6227
412,VespaG,AMIE_PSEAE_Wrenbeck_2017,0.7724425887265136,0.7725666559588821,0.7723185613359024,0.7724425887265136,0.5448852172947845,6227
413,ProtGPT2,AMIE_PSEAE_Wrenbeck_2017,0.6211658904769551,0.6212656601349181,0.6210661528580603,0.6211658904769551,0.24233181299297846,6227
414,Tranception_S_no_retrieval,AMIE_PSEAE_Wrenbeck_2017,0.7493174883571543,0.7494378413106328,0.7491971740526654,0.7493174883571543,0.49863501536329824,6227
415,Tranception_M_no_retrieval,AMIE_PSEAE_Wrenbeck_2017,0.6947165569295005,0.694828140057822,0.6946050096339114,0.6947165569295005,0.3894331496917334,6227
416,Tranception_L_no_retrieval,AMIE_PSEAE_Wrenbeck_2017,0.675766821904609,0.6758753613877289,0.6756583172768144,0.675766821904609,0.35153367866454327,6227
417,Tranception_S,AMIE_PSEAE_Wrenbeck_2017,0.7371125742733259,0.7372309669129458,0.7369942196531792,0.7371125742733259,0.4742251865661249,6227
418,Tranception_M,AMIE_PSEAE_Wrenbeck_2017,0.6976071944756704,0.6977192418888531,0.697495183044316,0.6976071944756704,0.39521442493316916,6227
419,Tranception_L,AMIE_PSEAE_Wrenbeck_2017,0.680263369198651,0.6803726309026662,0.6801541425818882,0.680263369198651,0.3605267734845545,6227
420,TranceptEVE_S,AMIE_PSEAE_Wrenbeck_2017,0.7470692147101333,0.7471892065531641,0.7469492614001284,0.7470692147101333,0.4941384679532926,6227
421,TranceptEVE_M,AMIE_PSEAE_Wrenbeck_2017,0.7159145656014132,0.7160295534853839,0.7157996146435452,0.7159145656014132,0.43182916812892913,6227
422,TranceptEVE_L,AMIE_PSEAE_Wrenbeck_2017,0.7075638349124779,0.7076774815290716,0.7074502247912653,0.7075638349124779,0.4151277063203369,6227
423,CARP_38M,AMIE_PSEAE_Wrenbeck_2017,0.6166693431829131,0.6167683906199807,0.6165703275529865,0.6166693431829131,0.23333871817296725,6227
424,CARP_600K,AMIE_PSEAE_Wrenbeck_2017,0.5196723944114341,0.5197558625120463,0.5195889531149647,0.5196723944114341,0.039344815627010934,6227
425,CARP_640M,AMIE_PSEAE_Wrenbeck_2017,0.6789786414003534,0.6790876967555413,0.6788696210661529,0.6789786414003534,0.35795731782169415,6227
426,CARP_76M,AMIE_PSEAE_Wrenbeck_2017,0.6407579894009957,0.6408609058785737,0.640655105973025,0.6407579894009957,0.28151601185159875,6227
427,MIF,AMIE_PSEAE_Wrenbeck_2017,0.6458969005941866,0.6460006424670736,0.6457931920359666,0.6458969005941866,0.29179383450304014,6227
428,MIFST,AMIE_PSEAE_Wrenbeck_2017,0.6866870081901397,0.686797301638291,0.6865767501605652,0.6866870081901397,0.37337405179885624,6227
429,ESM-IF1,AMIE_PSEAE_Wrenbeck_2017,0.6619559980729083,0.6620623193061356,0.661849710982659,0.6619559980729083,0.3239120302887945,6227
430,ProteinMPNN,AMIE_PSEAE_Wrenbeck_2017,0.583266420427172,0.5833601027947317,0.5831727681438664,0.583266420427172,0.16653287093859817,6227
431,ProtSSN_k10_h512,AMIE_PSEAE_Wrenbeck_2017,0.7242652962903485,0.7243816254416962,0.7241490044958253,0.7242652962903485,0.4485306299375214,6227
432,ProtSSN_k10_h768,AMIE_PSEAE_Wrenbeck_2017,0.7046731973663081,0.7047863796980405,0.7045600513808606,0.7046731973663081,0.4093464310789011,6227
433,ProtSSN_k10_h1280,AMIE_PSEAE_Wrenbeck_2017,0.7088485627107757,0.7089624156761966,0.7087347463070006,0.7088485627107757,0.41769716198319723,6227
434,ProtSSN_k20_h512,AMIE_PSEAE_Wrenbeck_2017,0.7171992933997109,0.7173144876325088,0.7170841361592807,0.7171992933997109,0.4343986237917895,6227
435,ProtSSN_k20_h768,AMIE_PSEAE_Wrenbeck_2017,0.7107756544082222,0.710889816896884,0.7106615285806037,0.7107756544082222,0.42155134547748774,6227
436,ProtSSN_k20_h1280,AMIE_PSEAE_Wrenbeck_2017,0.7162357475509876,0.7163507870221651,0.7161207450224791,0.7162357475509876,0.4324715320446442,6227
437,ProtSSN_k30_h512,AMIE_PSEAE_Wrenbeck_2017,0.7066002890637546,0.7067137809187279,0.7064868336544637,0.7066002890637546,0.4132006145731916,6227
438,ProtSSN_k30_h768,AMIE_PSEAE_Wrenbeck_2017,0.7130239280552433,0.7131384516543527,0.7129094412331407,0.7130239280552433,0.4260478928874934,6227
439,ProtSSN_k30_h1280,AMIE_PSEAE_Wrenbeck_2017,0.7261923879877951,0.7263090266623835,0.7260757867694284,0.7261923879877951,0.4523848134318119,6227
440,ProtSSN_ensemble,AMIE_PSEAE_Wrenbeck_2017,0.7171992933997109,0.7173144876325088,0.7170841361592807,0.7171992933997109,0.4343986237917895,6227
441,SaProt_650M_AF2,AMIE_PSEAE_Wrenbeck_2017,0.7371125742733259,0.7372309669129458,0.7369942196531792,0.7371125742733259,0.4742251865661249,6227
442,SaProt_35M_AF2,AMIE_PSEAE_Wrenbeck_2017,0.6430062630480167,0.6431095406360424,0.642903018625562,0.6430062630480167,0.2860125592616044,6227
443,PoET,AMIE_PSEAE_Wrenbeck_2017,0.7695519511803437,0.7696755541278509,0.7694283879254977,0.7695519511803437,0.5391039420533487,6227
444,MULAN_small,AMIE_PSEAE_Wrenbeck_2017,0.7101332905090734,0.7102473498233216,0.710019267822736,0.7101332905090734,0.4202666176460576,6227
445,ProSST-20,AMIE_PSEAE_Wrenbeck_2017,0.6362614421069536,0.6363636363636364,0.6361592806679512,0.6362614421069536,0.27252291703158754,6227
446,ProSST-128,AMIE_PSEAE_Wrenbeck_2017,0.6423638991488678,0.6424670735624799,0.6422607578676943,0.6423638991488678,0.2847278314301742,6227
447,ProSST-512,AMIE_PSEAE_Wrenbeck_2017,0.6481451742412077,0.6482492772245423,0.6480411046885035,0.6481451742412077,0.2962903819130458,6227
448,ProSST-1024,AMIE_PSEAE_Wrenbeck_2017,0.6690220009635458,0.6691294571153228,0.6689145793192036,0.6690220009635458,0.33804403643452646,6227
449,ProSST-2048,AMIE_PSEAE_Wrenbeck_2017,0.6918259193833307,0.6919370382267909,0.6917148362235067,0.6918259193833307,0.38365187445029764,6227
450,ProSST-4096,AMIE_PSEAE_Wrenbeck_2017,0.6703067287618436,0.6704143912624478,0.6701991008349389,0.6703067287618436,0.3406134920973868,6227
451,ESCOTT,AMIE_PSEAE_Wrenbeck_2017,0.7595953107435363,0.7597173144876325,0.7594733461785484,0.7595953107435363,0.519190660666181,6227
452,VenusREM,AMIE_PSEAE_Wrenbeck_2017,0.7017825598201382,0.7018952778670093,0.701669877970456,0.7017825598201382,0.40356515583746533,6227
453,RSALOR,AMIE_PSEAE_Wrenbeck_2017,0.7563834912477919,0.7566698810671809,0.7559409120102761,0.7563052208835341,0.5127672833548096,6227
454,S2F,AMIE_PSEAE_Wrenbeck_2017,0.7191263850971575,0.7192418888531963,0.7190109184328838,0.7191263850971575,0.43825280728608,6227
455,S2F_MSA,AMIE_PSEAE_Wrenbeck_2017,0.7377549381724747,0.7378734339865082,0.7376364804110469,0.7377549381724747,0.4755099143975551,6227
456,S3F,AMIE_PSEAE_Wrenbeck_2017,0.7107756544082222,0.710889816896884,0.7106615285806037,0.7107756544082222,0.42155134547748774,6227
457,S3F_MSA,AMIE_PSEAE_Wrenbeck_2017,0.7374337562229003,0.7375522004497269,0.737315350032113,0.7374337562229003,0.47486755048184,6227
458,SiteRM,AMIE_PSEAE_Wrenbeck_2017,0.7171992933997109,0.7173144876325088,0.7170841361592807,0.7171992933997109,0.4343986237917895,6227
459,ESM3,AMIE_PSEAE_Wrenbeck_2017,0.686205235265778,0.6863753213367609,0.6859344894026975,0.6861548345647286,0.3724105959212847,6227
460,ESMC-300M,AMIE_PSEAE_Wrenbeck_2017,0.6595471334511,0.6597043701799485,0.6592806679511882,0.6594924510118857,0.3190943854169467,6227
461,ESMC-600M,AMIE_PSEAE_Wrenbeck_2017,0.695037738879075,0.6954004503055645,0.6942838792549775,0.6948417162140447,0.3900761223174818,6227
462,xTrimoPGLM-1B-MLM,AMIE_PSEAE_Wrenbeck_2017,0.7766179540709812,0.7767426919370383,0.7764932562620424,0.7766179540709812,0.5532359481990806,6227
463,xTrimoPGLM-3B-MLM,AMIE_PSEAE_Wrenbeck_2017,0.7605588565922595,0.7606810150979763,0.76043673731535,0.7605588565922595,0.5211177524133263,6227
464,xTrimoPGLM-10B-MLM,AMIE_PSEAE_Wrenbeck_2017,0.7711578609282158,0.7712817218117571,0.7710340398201669,0.7711578609282158,0.5423157616319242,6227
465,xTrimoPGLM-1B-CLM,AMIE_PSEAE_Wrenbeck_2017,0.7261923879877951,0.7263090266623835,0.7260757867694284,0.7261923879877951,0.4523848134318119,6227
466,xTrimoPGLM-3B-CLM,AMIE_PSEAE_Wrenbeck_2017,0.6767303677533323,0.6768390619980726,0.6766217084136159,0.6767303677533323,0.35346077041168855,6227
467,xTrimoPGLM-7B-CLM,AMIE_PSEAE_Wrenbeck_2017,0.5540388630158986,0.554127850947639,0.5539499036608864,0.5540388630158986,0.10807775460852526,6227
468,xTrimoPGLM-100B-int4,AMIE_PSEAE_Wrenbeck_2017,0.7367913923237515,0.7369097333761645,0.7366730892742454,0.7367913923237515,0.4735828226504098,6227
469,Progen3_112m,AMIE_PSEAE_Wrenbeck_2017,0.7518869439537498,0.7520077096048827,0.7517662170841362,0.7518869439537498,0.5037739266890189,6227
470,Progen3_219m,AMIE_PSEAE_Wrenbeck_2017,0.702424923719287,0.7025377449405718,0.7023121387283237,0.702424923719287,0.4048498836688955,6227
471,Progen3_339m,AMIE_PSEAE_Wrenbeck_2017,0.7123815641560944,0.7124959845807902,0.7122671804752729,0.7123815641560944,0.4247631650560632,6227
472,Progen3_762m,AMIE_PSEAE_Wrenbeck_2017,0.7213746587441786,0.7214905236106649,0.7212588310854207,0.7213746587441786,0.4427493546960856,6227
473,Progen3_1b,AMIE_PSEAE_Wrenbeck_2017,0.6953589208286495,0.6954706071313845,0.695247270391779,0.6953589208286495,0.39071787752316356,6227
474,Progen3_3b,AMIE_PSEAE_Wrenbeck_2017,0.6911835554841818,0.6912945711532283,0.691072575465639,0.6911835554841818,0.38236714661886745,6227
