,dms_id,mutant,experimental_fitness,disagreement_score,score_spread,ESM1b,ESM2_650M,EVE_single,Tranception_L,ProteinMPNN,SaProt_650M_AF2,GEMME
1,A0A192B1T2_9HIV1_Haddox_2018,Q81G,-0.725142902,0.9999200705322566,0.6687009996148946,-8.021303176879883,0.2790827751159668,-19.49371337890625,-0.0134424558827574,-1.987703800201416,-2.801673650741577,-10.5466145124264
2,A0A192B1T2_9HIV1_Haddox_2018,F508Y,-2.848428494,0.9999200705322566,0.6755969802717335,-14.904638290405272,-5.47549295425415,-16.55816650390625,-0.0109544673436124,-1.9847939014434808,-2.933199405670166,-2.44670719188148
3,A0A192B1T2_9HIV1_Haddox_2018,F688T,0.18365447,0.9999200705322566,0.44571070132578805,-11.13366413116455,-0.9269561767578124,-18.4490966796875,-0.0120599236286861,-1.9901257753372192,-0.3476375341415405,-8.33805814379203
4,A4_HUMAN_Seuma_2022,F690S:N698D,-4.81341727560331,0.9999200705322566,0.6989342923341915,-29.62497043609619,-0.6532621383666992,-9.672119140625,-0.0177017410080154,-2.211758136749268,-0.0175009965896606,-5.30770417878384
5,ACE2_HUMAN_Chan_2020,T445I,-0.3741580905,0.9999200705322566,0.3570390022500443,-5.718216419219971,-2.336841106414795,-8.768798828125,-0.0070344344429348,-1.7004249095916748,-1.8839998245239256,-4.19365669501656
6,A0A192B1T2_9HIV1_Haddox_2018,Q411T,-2.689672689,0.9999200705322566,0.7211419257036921,-10.33009910583496,1.0263721942901611,-22.07354736328125,-0.0138743763238611,-1.9868900775909424,0.1440184712409973,-10.7831867665469
7,A4_HUMAN_Seuma_2022,S679T:A701G,-1.28996844216315,0.9999200705322566,0.4414689446227855,-20.4544038772583,-4.772174119949341,-6.6513671875,-0.019004167829241,-2.21223258972168,-3.654324531555176,-7.04769087689099
8,AMIE_PSEAE_Wrenbeck_2017,E154G,-0.141,0.9999200705322566,0.5636439725817547,-8.688658714294434,-5.510989189147949,-7.00189208984375,-0.0174737831071621,-1.6458722352981567,-4.339467525482178,-5.22523805380307
9,A4_HUMAN_Seuma_2022,F690S:S697P,-2.67501740170014,0.9999200705322566,0.6125983408669481,-28.69651699066162,1.9941030740737915,-9.010009765625,-0.0170601584694602,-2.214932918548584,0.0728750228881836,-4.47670798637755
10,A0A192B1T2_9HIV1_Haddox_2018,I509C,-3.25178203,0.9999200705322566,0.6063119596938962,-9.553954124450684,-2.8193578720092773,-17.85943603515625,-0.0111539240734118,-1.9961349964141848,-3.2570505142211914,-8.89946542810494
11,A4_HUMAN_Seuma_2022,E693V:G696S,-2.41382897172882,0.9999200705322566,0.5473054763489428,-18.44994163513184,-1.6313128471374512,-7.4365234375,-0.0114679906275365,-2.2052712440490723,-0.7828636765480042,-3.84865937621803
12,A0A192B1T2_9HIV1_Haddox_2018,A308C,-0.82531532,0.9999200705322566,0.4877804639603738,-13.359905242919922,-0.0432662963867187,-18.34521484375,-0.0126014315466365,-1.994059085845948,-2.517271041870117,-4.95013463241915
13,A0A192B1T2_9HIV1_Haddox_2018,W669T,-2.84325702,0.9999200705322566,0.805473708379536,-12.10861110687256,0.8935010433197021,-20.7864990234375,-0.0140877486394604,-1.986475110054016,1.1151862144470217,-9.93112246814092
14,A0A192B1T2_9HIV1_Haddox_2018,K410A,-4.68498927,0.9999200705322566,0.6646805434542542,-11.108651161193848,-0.3745965957641601,-17.60845947265625,-0.0135109234303935,-1.9918289184570312,0.4720889031887054,-9.72208740714646
15,AMIE_PSEAE_Wrenbeck_2017,F238S,-0.1012,0.9999200705322566,0.6659610238985704,-7.061489582061768,-3.1297924518585205,-5.37982177734375,-0.0227756830998238,-1.6495544910430908,-3.145421504974365,-2.01775376841459
16,A4_HUMAN_Seuma_2022,F691S:V707M,-1.30651424520826,0.9999200705322566,0.5302047114572264,-22.77286624908448,1.060171127319336,-10.1397705078125,-0.0159859000862419,-2.2241907119750977,-1.0400302410125732,-5.08791726133001
17,A0A192B1T2_9HIV1_Haddox_2018,V559M,-2.96641447,0.9999200705322566,0.5463420540283666,-9.545384407043455,-1.2834444046020508,-21.24755859375,-0.0132011091205435,-1.992905616760254,0.0695786848664283,-6.73396086575861
18,AMIE_PSEAE_Wrenbeck_2017,G237N,0.1054,0.9999200705322566,0.6020301342806617,-5.32403564453125,-1.851623177528381,-3.9617919921875,-0.0167596629589278,-1.6481378078460691,-2.322423458099365,-2.41795177889901
19,AMIE_PSEAE_Wrenbeck_2017,S153K,-0.2663,0.9999200705322566,0.4916145432741631,-10.372312545776367,-4.041438102722168,-7.7982177734375,-0.0212608293301796,-1.6098414659500122,-2.3822896480560303,-6.35180350369924
20,A4_HUMAN_Seuma_2022,L688S:N698D,-4.06500313159935,0.9999200705322566,0.6556466687403276,-27.817657470703125,-1.9872417449951167,-11.4056396484375,-0.0190223991096794,-2.2070629596710205,-0.4780516624450683,-6.72259211452364
21,ADRB2_HUMAN_Jones_2020,T68S,2.50717776004294,0.9999200705322566,0.45159389691990215,-13.760467529296877,-2.2007298469543457,-7.112548828125,-0.0123364908065981,-2.1756081581115723,-5.765792369842529,-4.20007028986561
22,AMIE_PSEAE_Wrenbeck_2017,Y151Q,-0.1014,0.9999200705322566,0.48688611444066754,-6.613652229309082,-4.649669170379639,-5.221923828125,-0.0223259457273979,-1.6338526010513306,-1.066148281097412,-0.31123328732787
23,ACE2_HUMAN_Chan_2020,T324K,-2.0941472895,0.9999200705322566,0.6084688449265636,-10.76474380493164,-7.087740421295166,-5.502685546875,-0.0037227654309006,-1.7051492929458618,-6.245124340057373,-3.02318761370422
24,A0A192B1T2_9HIV1_Haddox_2018,L618W,-3.119690197,0.9999200705322566,0.5784228574516522,-9.018052101135254,-1.4904289245605469,-19.89013671875,-0.0123149889735548,-1.9933884143829343,-1.7108986377716064,-9.78156678486545
25,A0A192B1T2_9HIV1_Haddox_2018,K563T,-4.41700435,0.9999200705322566,0.4911890607562865,-9.535869598388672,-1.1141278743743896,-19.01220703125,-0.0125578759421765,-2.000097274780273,0.9952068328857422,-5.49943279173685
26,A4_HUMAN_Seuma_2022,V695E:V710A,-4.07117073737499,0.9999200705322566,0.657086393187258,-21.94298887252808,0.8555194139480591,-11.276611328125,-0.0193654642476663,-2.213587999343872,0.3139011859893799,-7.42616583815232
27,A4_HUMAN_Seuma_2022,L688S:M706I,-1.55888827766322,0.9999200705322566,0.937562506733904,-23.23886585235596,3.3353986740112305,-10.236572265625,-0.0219961983816964,-2.207029104232788,5.15995979309082,-6.98816138112849
28,A4_HUMAN_Seuma_2022,H685L:V689M,-1.5703598847805,0.9999200705322566,0.49552120431119867,-21.99717330932617,-2.031543493270874,-7.51025390625,-0.0179893196403206,-2.2270619869232178,-1.502796292304993,-3.66679053930364
29,A0A192B1T2_9HIV1_Haddox_2018,I413S,-3.867670517,0.9999200705322566,0.4743328808486065,-10.090919494628906,-0.2638731002807617,-14.33782958984375,-0.011851816669876,-1.983369827270508,-1.4036883115768433,-7.44919238939277
30,A0A192B1T2_9HIV1_Haddox_2018,G505E,-4.761251067,0.9999200705322566,0.8189737035691647,-12.56492805480957,-1.9420280456542969,-14.56268310546875,-0.0111826148950997,-1.9984534978866573,-1.92557692527771,-4.59217268102117
